Season,Team,Gtm,Week,Date,Day,Location,Opp,Opp_Conference,Opp_Division,Result,GNB_pts,Opps_pts,OT,GNB_pCmp,GNB_pAtt,GNB_pCmp%,GNB_pYds,GNB_pTD,GNB_pY/A,GNB_pAY/A,GNB_pRate,GNB_Sk,GNB_SkYds,GNB_rAtt,GNB_rYds,GNB_rTD,GNB_rY/A,GNB_Ply,GNB_Tot,GNB_Y/P,GNB_FGA,GNB_FGM,GNB_XPA,GNB_XPM,GNB_Pnt,GNB_PntYds,GNB_fdPass,GNB_fdRush,GNB_fdPen,GNB_1stD,GNB_3DConv,GNB_3DAtt,GNB_4DConv,GNB_4DAtt,GNB_Pen,GNB_PenYds,GNB_FL,GNB_Int,GNB_TO,GNB_ToP,Opps_pCmp,Opps_pAtt,Opps_pCmp%,Opps_pYds,Opps_pTD,Opps_pY/A,Opps_pAY/A,Opps_pRate,Opps_Sk,Opps_SkYds,Opps_rAtt,Opps_rYds,Opps_rTD,Opps_rY/A,Opps_Ply,Opps_Tot,Opps_Y/P,Opps_FGA,Opps_FGM,Opps_XPA,Opps_XPM,Opps_Pnt,Opps_PntYds,Opps_fdPass,Opps_fdRush,Opps_fdPen,Opps_1stD,Opps_3DConv,Opps_3DAtt,Opps_4DConv,Opps_4DAtt,Opps_Pen,Opps_PenYds,Opps_FL,Opps_Int,Opps_TO,Opps_ToP
2016,gnb,1.0,1.0,2016-09-11,Sun,Home,JAX,AFC,AFC South,W,27.0,23.0,False,20.0,34.0,58.8,199.0,2.0,5.9,7.03,95.1,1.0,0.0,25.0,95.0,1.0,3.8,60.0,294.0,4.9,2.0,2.0,3.0,3.0,4.0,184.0,10.0,6.0,2.0,18.0,7.0,14.0,1.0,1.0,5.0,24.0,0.0,0.0,0.0,28:37,24.0,39.0,61.5,300.0,1.0,7.7,7.05,83.3,3.0,20.0,26.0,48.0,1.0,1.8,68.0,348.0,5.12,3.0,3.0,2.0,2.0,2.0,125.0,14.0,4.0,2.0,20.0,4.0,15.0,3.0,4.0,9.0,79.0,0.0,1.0,1.0,31:23
2016,gnb,2.0,2.0,2016-09-18,Sun,Home,MIN,NFC,NFC North,L,14.0,17.0,False,20.0,36.0,55.6,180.0,1.0,5.0,4.31,66.9,5.0,33.0,23.0,83.0,1.0,3.6,64.0,263.0,4.11,0.0,0.0,2.0,2.0,5.0,193.0,10.0,5.0,5.0,20.0,6.0,13.0,0.0,1.0,6.0,72.0,2.0,1.0,3.0,29:42,22.0,31.0,71.0,254.0,2.0,8.2,9.48,116.9,4.0,32.0,22.0,30.0,0.0,1.4,57.0,284.0,4.98,1.0,1.0,2.0,2.0,7.0,273.0,11.0,2.0,2.0,15.0,4.0,14.0,1.0,2.0,13.0,137.0,1.0,0.0,1.0,30:18
2016,gnb,3.0,3.0,2016-09-25,Sun,Home,DET,NFC,NFC North,W,34.0,27.0,False,15.0,24.0,62.5,201.0,4.0,8.4,11.71,128.6,2.0,4.0,24.0,123.0,0.0,5.1,50.0,324.0,6.48,2.0,2.0,4.0,4.0,2.0,83.0,9.0,6.0,2.0,17.0,5.0,10.0,0.0,0.0,4.0,45.0,0.0,0.0,0.0,24:53,28.0,41.0,68.3,368.0,3.0,9.0,9.34,110.6,3.0,17.0,23.0,50.0,0.0,2.2,67.0,418.0,6.24,3.0,2.0,3.0,3.0,2.0,95.0,17.0,4.0,1.0,22.0,8.0,14.0,1.0,1.0,4.0,86.0,0.0,1.0,1.0,35:07
2016,gnb,4.0,5.0,2016-10-09,Sun,Home,NYG,NFC,NFC East,W,23.0,16.0,False,23.0,45.0,51.1,259.0,2.0,5.8,4.64,65.0,0.0,0.0,32.0,147.0,0.0,4.6,77.0,406.0,5.27,3.0,3.0,2.0,2.0,4.0,146.0,13.0,9.0,1.0,23.0,9.0,19.0,0.0,0.0,6.0,57.0,0.0,2.0,2.0,36:38,18.0,35.0,51.4,178.0,1.0,5.1,5.66,75.7,4.0,21.0,15.0,43.0,0.0,2.9,54.0,221.0,4.09,3.0,3.0,1.0,1.0,6.0,235.0,12.0,2.0,0.0,14.0,4.0,13.0,0.0,0.0,6.0,51.0,1.0,0.0,1.0,23:22
2016,gnb,5.0,6.0,2016-10-16,Sun,Home,DAL,NFC,NFC East,L,16.0,30.0,False,31.0,42.0,73.8,294.0,1.0,7.0,6.4,90.8,1.0,0.0,24.0,78.0,0.0,3.3,67.0,372.0,5.55,3.0,3.0,1.0,1.0,1.0,47.0,17.0,4.0,3.0,24.0,7.0,13.0,0.0,1.0,5.0,23.0,3.0,1.0,4.0,30:10,18.0,27.0,66.7,233.0,3.0,8.6,9.19,115.2,2.0,14.0,33.0,191.0,0.0,5.8,62.0,424.0,6.84,3.0,3.0,3.0,3.0,2.0,83.0,14.0,7.0,3.0,24.0,3.0,11.0,1.0,1.0,7.0,60.0,1.0,1.0,2.0,29:50
2016,gnb,6.0,7.0,2016-10-20,Thu,Home,CHI,NFC,NFC North,W,26.0,10.0,False,39.0,56.0,69.6,303.0,3.0,5.4,6.48,100.5,2.0,23.0,23.0,103.0,0.0,4.5,81.0,406.0,5.01,3.0,2.0,3.0,2.0,1.0,46.0,21.0,5.0,6.0,32.0,9.0,16.0,1.0,2.0,9.0,56.0,1.0,0.0,1.0,39:36,10.0,26.0,38.5,120.0,0.0,4.6,1.15,21.3,1.0,10.0,18.0,69.0,0.0,3.8,45.0,189.0,4.2,1.0,1.0,1.0,1.0,5.0,225.0,9.0,3.0,1.0,13.0,2.0,8.0,0.0,0.0,10.0,108.0,0.0,2.0,2.0,20:24
2016,gnb,7.0,8.0,2016-10-30,Sun,Home,ATL,NFC,NFC South,L,32.0,33.0,False,28.0,38.0,73.7,223.0,4.0,5.9,7.97,123.0,3.0,23.0,19.0,108.0,0.0,5.7,60.0,331.0,5.52,1.0,1.0,3.0,3.0,3.0,163.0,16.0,5.0,3.0,24.0,6.0,10.0,0.0,1.0,6.0,68.0,0.0,0.0,0.0,31:17,28.0,35.0,80.0,277.0,3.0,7.9,9.63,128.2,2.0,11.0,19.0,90.0,1.0,4.7,56.0,367.0,6.55,2.0,2.0,3.0,3.0,2.0,101.0,16.0,6.0,3.0,25.0,4.0,9.0,1.0,1.0,7.0,46.0,0.0,0.0,0.0,28:43
2016,gnb,8.0,9.0,2016-11-06,Sun,Home,IND,AFC,AFC South,L,26.0,31.0,False,26.0,43.0,60.5,289.0,3.0,6.7,7.07,94.0,3.0,8.0,19.0,116.0,0.0,6.1,65.0,405.0,6.23,3.0,2.0,2.0,2.0,4.0,193.0,16.0,7.0,2.0,25.0,4.0,12.0,0.0,0.0,4.0,25.0,0.0,1.0,1.0,29:57,23.0,36.0,63.9,270.0,1.0,7.5,5.56,72.7,2.0,11.0,28.0,85.0,2.0,3.0,66.0,355.0,5.38,1.0,1.0,4.0,4.0,4.0,222.0,14.0,7.0,1.0,22.0,7.0,14.0,0.0,0.0,4.0,35.0,0.0,2.0,2.0,30:03
2016,gnb,9.0,10.0,2016-11-13,Sun,Home,TEN,AFC,AFC South,L,25.0,47.0,False,32.0,55.0,58.2,333.0,2.0,6.1,5.15,72.8,5.0,46.0,13.0,69.0,1.0,5.3,73.0,402.0,5.51,2.0,2.0,2.0,1.0,4.0,202.0,17.0,4.0,0.0,21.0,4.0,15.0,2.0,4.0,12.0,107.0,1.0,2.0,3.0,30:29,20.0,27.0,74.1,292.0,5.0,10.8,14.52,148.5,1.0,13.0,31.0,154.0,1.0,5.0,59.0,446.0,7.56,2.0,2.0,5.0,5.0,4.0,166.0,13.0,3.0,3.0,19.0,7.0,14.0,0.0,1.0,7.0,65.0,0.0,0.0,0.0,29:31
2016,gnb,10.0,11.0,2016-11-20,Sun,Home,WAS,NFC,NFC East,L,24.0,42.0,False,27.0,44.0,61.4,340.0,3.0,7.7,8.07,98.7,2.0,20.0,19.0,84.0,0.0,4.4,65.0,424.0,6.52,2.0,1.0,3.0,3.0,3.0,138.0,15.0,2.0,2.0,19.0,7.0,15.0,1.0,2.0,6.0,59.0,1.0,1.0,2.0,30:23,21.0,30.0,70.0,364.0,3.0,12.1,14.13,144.3,2.0,11.0,30.0,151.0,3.0,5.0,62.0,515.0,8.31,1.0,1.0,4.0,3.0,3.0,114.0,14.0,6.0,1.0,21.0,9.0,14.0,1.0,1.0,6.0,40.0,0.0,0.0,0.0,29:37
2016,gnb,11.0,12.0,2016-11-28,Mon,Home,PHI,NFC,NFC East,W,27.0,13.0,False,30.0,39.0,76.9,313.0,2.0,8.0,9.05,116.7,0.0,0.0,28.0,74.0,1.0,2.6,67.0,387.0,5.78,2.0,2.0,3.0,3.0,1.0,43.0,15.0,7.0,3.0,25.0,10.0,14.0,1.0,1.0,7.0,51.0,0.0,0.0,0.0,35:23,24.0,36.0,66.7,211.0,0.0,5.9,4.61,70.5,4.0,43.0,18.0,81.0,1.0,4.5,58.0,292.0,5.03,2.0,2.0,1.0,1.0,2.0,71.0,12.0,7.0,1.0,20.0,5.0,11.0,0.0,1.0,7.0,42.0,0.0,1.0,1.0,24:37
2016,gnb,12.0,13.0,2016-12-04,Sun,Home,HOU,AFC,AFC South,W,21.0,13.0,False,20.0,30.0,66.7,200.0,2.0,6.7,8.0,107.6,1.0,9.0,26.0,109.0,1.0,4.2,57.0,309.0,5.42,0.0,0.0,3.0,3.0,5.0,215.0,9.0,7.0,0.0,16.0,4.0,12.0,1.0,2.0,4.0,30.0,1.0,0.0,1.0,28:29,22.0,35.0,62.9,184.0,2.0,5.3,6.4,95.4,2.0,18.0,27.0,123.0,0.0,4.6,64.0,307.0,4.8,0.0,0.0,2.0,1.0,5.0,205.0,9.0,8.0,0.0,17.0,6.0,15.0,1.0,2.0,3.0,12.0,1.0,0.0,1.0,31:31
2016,gnb,13.0,14.0,2016-12-11,Sun,Home,SEA,NFC,NFC West,W,38.0,10.0,False,18.0,25.0,72.0,237.0,3.0,9.5,11.88,141.2,1.0,9.0,30.0,93.0,2.0,3.1,56.0,330.0,5.89,2.0,1.0,5.0,5.0,4.0,154.0,10.0,5.0,3.0,18.0,4.0,11.0,0.0,1.0,5.0,50.0,0.0,0.0,0.0,28:10,22.0,39.0,56.4,218.0,1.0,5.6,0.33,41.3,3.0,22.0,26.0,136.0,0.0,5.2,68.0,354.0,5.21,1.0,1.0,1.0,1.0,4.0,136.0,14.0,7.0,1.0,22.0,6.0,12.0,0.0,1.0,7.0,63.0,1.0,5.0,6.0,31:50
2016,gnb,14.0,15.0,2016-12-18,Sun,Home,CHI,NFC,NFC North,W,30.0,27.0,False,19.0,31.0,61.3,225.0,0.0,7.3,7.26,83.4,4.0,27.0,23.0,226.0,3.0,9.8,58.0,451.0,7.78,3.0,3.0,3.0,3.0,4.0,168.0,9.0,9.0,2.0,20.0,3.0,10.0,0.0,1.0,8.0,64.0,0.0,0.0,0.0,32:47,30.0,43.0,69.8,354.0,2.0,8.2,6.02,81.0,1.0,8.0,19.0,95.0,1.0,5.0,63.0,449.0,7.13,2.0,2.0,3.0,3.0,2.0,88.0,21.0,5.0,3.0,29.0,3.0,8.0,0.0,0.0,6.0,40.0,1.0,3.0,4.0,27:13
2016,gnb,15.0,16.0,2016-12-24,Sat,Home,MIN,NFC,NFC North,W,38.0,25.0,False,28.0,39.0,71.8,308.0,4.0,7.9,9.95,129.0,4.0,39.0,15.0,40.0,1.0,2.7,58.0,348.0,6.0,1.0,1.0,5.0,5.0,6.0,259.0,18.0,1.0,0.0,19.0,6.0,13.0,0.0,0.0,3.0,21.0,0.0,0.0,0.0,28:59,34.0,50.0,68.0,353.0,3.0,7.1,8.26,108.2,4.0,29.0,20.0,93.0,0.0,4.7,74.0,446.0,6.03,2.0,2.0,2.0,1.0,5.0,186.0,18.0,4.0,0.0,22.0,5.0,15.0,3.0,3.0,8.0,70.0,2.0,0.0,2.0,31:01
2016,gnb,16.0,17.0,2017-01-01,Sun,Home,DET,NFC,NFC North,W,31.0,24.0,False,27.0,39.0,69.2,295.0,4.0,7.6,9.62,125.5,1.0,5.0,31.0,153.0,0.0,4.9,71.0,448.0,6.31,1.0,1.0,3.0,2.0,5.0,186.0,17.0,9.0,2.0,28.0,7.0,13.0,0.0,0.0,10.0,75.0,0.0,0.0,0.0,34:09,26.0,41.0,63.4,332.0,2.0,8.1,7.98,94.8,2.0,15.0,21.0,76.0,1.0,3.6,64.0,408.0,6.38,2.0,1.0,3.0,3.0,4.0,200.0,19.0,5.0,0.0,24.0,5.0,12.0,0.0,0.0,5.0,30.0,0.0,1.0,1.0,25:51
2017,gnb,1.0,1.0,2017-09-10,Sun,Home,SEA,NFC,NFC West,W,17.0,9.0,False,28.0,42.0,66.7,286.0,1.0,6.8,6.21,84.0,4.0,25.0,28.0,84.0,1.0,3.0,74.0,370.0,5.0,1.0,1.0,2.0,2.0,5.0,219.0,16.0,8.0,2.0,26.0,9.0,16.0,0.0,0.0,8.0,70.0,0.0,1.0,1.0,39:13,14.0,27.0,51.9,135.0,0.0,5.0,5.0,66.1,3.0,23.0,18.0,90.0,0.0,5.0,48.0,225.0,4.69,3.0,3.0,0.0,0.0,6.0,275.0,8.0,3.0,1.0,12.0,3.0,12.0,0.0,0.0,8.0,50.0,1.0,0.0,1.0,20:47
2017,gnb,2.0,2.0,2017-09-17,Sun,Home,ATL,NFC,NFC South,L,23.0,34.0,False,33.0,50.0,66.0,308.0,2.0,6.2,6.06,87.7,3.0,35.0,15.0,59.0,1.0,3.9,68.0,367.0,5.4,1.0,1.0,2.0,2.0,3.0,119.0,18.0,4.0,2.0,24.0,5.0,12.0,3.0,3.0,10.0,70.0,1.0,1.0,2.0,31:23,19.0,28.0,67.9,223.0,1.0,8.0,8.68,103.7,3.0,29.0,27.0,141.0,2.0,5.2,58.0,364.0,6.28,2.0,2.0,4.0,4.0,4.0,165.0,12.0,7.0,0.0,19.0,5.0,11.0,0.0,0.0,6.0,34.0,0.0,0.0,0.0,28:37
2017,gnb,3.0,3.0,2017-09-24,Sun,Home,CIN,AFC,AFC North,W,27.0,24.0,True,28.0,42.0,66.7,280.0,3.0,6.7,7.02,99.3,6.0,33.0,17.0,64.0,0.0,3.8,65.0,344.0,5.29,2.0,2.0,3.0,3.0,6.0,296.0,15.0,4.0,3.0,22.0,7.0,15.0,0.0,0.0,4.0,33.0,0.0,1.0,1.0,29:21,21.0,27.0,77.8,191.0,2.0,7.1,8.56,120.8,3.0,21.0,30.0,110.0,0.0,3.7,60.0,301.0,5.02,2.0,1.0,3.0,3.0,6.0,296.0,13.0,6.0,2.0,21.0,4.0,12.0,0.0,0.0,7.0,68.0,1.0,0.0,1.0,34:17
2017,gnb,4.0,4.0,2017-09-28,Thu,Home,CHI,NFC,NFC North,W,35.0,14.0,False,19.0,27.0,70.4,169.0,4.0,6.3,9.22,126.4,2.0,10.0,24.0,91.0,1.0,3.8,53.0,260.0,4.91,0.0,0.0,5.0,5.0,5.0,238.0,9.0,5.0,3.0,17.0,7.0,14.0,1.0,1.0,7.0,55.0,0.0,0.0,0.0,28:09,21.0,33.0,63.6,205.0,1.0,6.2,4.09,65.8,1.0,13.0,30.0,103.0,1.0,3.4,64.0,308.0,4.81,1.0,0.0,2.0,2.0,3.0,147.0,11.0,7.0,2.0,20.0,5.0,12.0,2.0,2.0,8.0,62.0,2.0,2.0,4.0,31:51
2017,gnb,5.0,5.0,2017-10-08,Sun,Home,DAL,NFC,NFC East,W,35.0,31.0,False,19.0,29.0,65.5,182.0,3.0,6.3,8.34,117.3,4.0,39.0,25.0,160.0,1.0,6.4,58.0,342.0,5.9,1.0,1.0,4.0,2.0,2.0,97.0,13.0,9.0,3.0,25.0,3.0,7.0,1.0,1.0,6.0,38.0,1.0,0.0,1.0,24:54,25.0,36.0,69.4,245.0,3.0,6.8,7.22,104.5,1.0,6.0,35.0,163.0,1.0,4.7,72.0,408.0,5.67,1.0,1.0,4.0,4.0,1.0,38.0,15.0,10.0,1.0,26.0,7.0,12.0,3.0,3.0,7.0,70.0,2.0,1.0,3.0,35:06
2017,gnb,6.0,6.0,2017-10-15,Sun,Home,MIN,NFC,NFC North,L,10.0,23.0,False,20.0,37.0,54.1,155.0,1.0,4.2,1.08,39.8,4.0,20.0,24.0,72.0,0.0,3.0,65.0,227.0,3.49,1.0,1.0,1.0,1.0,6.0,263.0,11.0,2.0,1.0,14.0,4.0,17.0,2.0,3.0,8.0,92.0,0.0,3.0,3.0,27:51,24.0,38.0,63.2,239.0,1.0,6.3,5.63,78.7,0.0,0.0,32.0,112.0,1.0,3.5,70.0,351.0,5.01,3.0,3.0,2.0,2.0,4.0,155.0,13.0,7.0,4.0,24.0,4.0,12.0,0.0,1.0,7.0,65.0,1.0,1.0,2.0,32:09
2017,gnb,7.0,7.0,2017-10-22,Sun,Home,NOR,NFC,NFC South,L,17.0,26.0,False,12.0,25.0,48.0,79.0,0.0,3.2,1.36,38.6,1.0,8.0,24.0,181.0,2.0,7.5,50.0,260.0,5.2,2.0,1.0,2.0,2.0,5.0,238.0,4.0,8.0,4.0,16.0,4.0,11.0,0.0,0.0,8.0,54.0,0.0,1.0,1.0,23:04,27.0,38.0,71.1,324.0,1.0,8.5,6.68,83.7,1.0,7.0,36.0,161.0,2.0,4.5,75.0,485.0,6.47,2.0,2.0,3.0,2.0,2.0,78.0,16.0,7.0,2.0,25.0,8.0,15.0,1.0,1.0,7.0,80.0,0.0,2.0,2.0,36:56
2017,gnb,8.0,9.0,2017-11-06,Mon,Home,DET,NFC,NFC North,L,17.0,30.0,False,26.0,38.0,68.4,233.0,0.0,6.1,6.13,84.6,3.0,12.0,17.0,78.0,2.0,4.6,58.0,311.0,5.36,2.0,1.0,2.0,2.0,3.0,128.0,13.0,7.0,1.0,21.0,2.0,9.0,0.0,2.0,2.0,20.0,0.0,0.0,0.0,23:05,26.0,33.0,78.8,353.0,2.0,10.7,11.91,131.4,1.0,8.0,33.0,64.0,1.0,1.9,67.0,417.0,6.22,4.0,3.0,3.0,3.0,0.0,0.0,19.0,4.0,1.0,24.0,8.0,13.0,0.0,0.0,2.0,19.0,1.0,0.0,1.0,36:55
2017,gnb,9.0,10.0,2017-11-12,Sun,Home,CHI,NFC,NFC North,W,23.0,16.0,False,18.0,25.0,72.0,182.0,1.0,7.3,8.08,105.7,3.0,30.0,37.0,160.0,1.0,4.3,65.0,342.0,5.26,4.0,3.0,2.0,2.0,4.0,160.0,10.0,6.0,2.0,18.0,7.0,16.0,1.0,1.0,5.0,35.0,0.0,0.0,0.0,33:53,21.0,35.0,60.0,268.0,1.0,7.7,8.23,93.5,5.0,29.0,17.0,55.0,0.0,3.2,57.0,323.0,5.67,3.0,3.0,1.0,1.0,5.0,241.0,12.0,1.0,1.0,14.0,4.0,14.0,0.0,1.0,8.0,78.0,1.0,0.0,1.0,26:07
2017,gnb,10.0,11.0,2017-11-19,Sun,Home,BAL,AFC,AFC North,L,0.0,23.0,False,21.0,36.0,58.3,190.0,0.0,5.3,1.53,38.0,6.0,49.0,25.0,75.0,0.0,3.0,67.0,265.0,3.96,0.0,0.0,0.0,0.0,5.0,202.0,11.0,5.0,0.0,16.0,4.0,13.0,1.0,4.0,5.0,53.0,2.0,3.0,5.0,29:57,22.0,28.0,78.6,161.0,1.0,5.8,4.86,87.6,3.0,22.0,26.0,58.0,1.0,2.2,57.0,219.0,3.84,3.0,3.0,2.0,2.0,7.0,290.0,7.0,4.0,3.0,14.0,3.0,14.0,1.0,1.0,3.0,30.0,0.0,1.0,1.0,30:03
2017,gnb,11.0,12.0,2017-11-26,Sun,Home,PIT,AFC,AFC North,L,28.0,31.0,False,17.0,26.0,65.4,227.0,3.0,8.7,11.04,131.4,4.0,18.0,24.0,80.0,1.0,3.3,54.0,307.0,5.69,1.0,0.0,4.0,4.0,5.0,241.0,8.0,6.0,1.0,15.0,6.0,13.0,1.0,1.0,3.0,27.0,0.0,0.0,0.0,26:24,33.0,45.0,73.3,341.0,4.0,7.6,7.36,105.9,1.0,10.0,24.0,121.0,0.0,5.0,70.0,462.0,6.6,1.0,1.0,3.0,2.0,3.0,97.0,21.0,6.0,1.0,28.0,8.0,13.0,1.0,1.0,5.0,45.0,1.0,2.0,3.0,33:36
2017,gnb,12.0,13.0,2017-12-03,Sun,Home,TAM,NFC,NFC South,W,26.0,20.0,True,13.0,22.0,59.1,77.0,0.0,3.5,1.45,47.0,2.0,7.0,29.0,199.0,2.0,6.9,53.0,276.0,5.21,2.0,2.0,2.0,2.0,4.0,181.0,5.0,10.0,1.0,16.0,5.0,12.0,0.0,0.0,7.0,47.0,0.0,1.0,1.0,26:44,21.0,32.0,65.6,230.0,2.0,7.2,8.44,107.6,7.0,40.0,35.0,165.0,0.0,4.7,74.0,395.0,5.34,2.0,2.0,2.0,2.0,5.0,176.0,16.0,8.0,1.0,25.0,9.0,16.0,0.0,0.0,8.0,74.0,1.0,0.0,1.0,37:17
2017,gnb,13.0,14.0,2017-12-10,Sun,Home,CLE,AFC,AFC North,W,27.0,21.0,True,35.0,46.0,76.1,256.0,3.0,5.6,6.87,110.4,1.0,9.0,27.0,85.0,1.0,3.1,74.0,341.0,4.61,0.0,0.0,3.0,3.0,4.0,191.0,14.0,7.0,3.0,24.0,8.0,16.0,2.0,3.0,3.0,20.0,0.0,0.0,0.0,36:17,20.0,28.0,71.4,209.0,3.0,7.5,6.39,98.7,2.0,5.0,27.0,136.0,0.0,5.0,57.0,345.0,6.05,0.0,0.0,3.0,3.0,4.0,209.0,12.0,5.0,0.0,17.0,7.0,13.0,0.0,0.0,6.0,45.0,0.0,2.0,2.0,28:38
2017,gnb,14.0,15.0,2017-12-17,Sun,Home,CAR,NFC,NFC South,L,24.0,31.0,False,26.0,45.0,57.8,264.0,3.0,5.9,4.2,69.1,3.0,26.0,19.0,120.0,0.0,6.3,67.0,384.0,5.73,1.0,1.0,3.0,3.0,2.0,82.0,13.0,9.0,2.0,24.0,4.0,11.0,2.0,3.0,6.0,28.0,1.0,3.0,4.0,26:03,20.0,31.0,64.5,236.0,4.0,7.6,10.19,127.2,1.0,6.0,38.0,151.0,0.0,4.0,70.0,387.0,5.53,1.0,1.0,4.0,4.0,4.0,174.0,15.0,11.0,3.0,29.0,6.0,12.0,0.0,0.0,5.0,40.0,0.0,0.0,0.0,33:57
2017,gnb,15.0,16.0,2017-12-23,Sat,Home,MIN,NFC,NFC North,L,0.0,16.0,False,17.0,40.0,42.5,126.0,0.0,3.2,0.9,29.8,1.0,4.0,24.0,113.0,0.0,4.7,65.0,239.0,3.68,0.0,0.0,0.0,0.0,6.0,231.0,6.0,5.0,1.0,12.0,4.0,15.0,0.0,4.0,6.0,79.0,0.0,2.0,2.0,28:23,14.0,25.0,56.0,124.0,1.0,5.0,5.76,82.7,3.0,15.0,33.0,112.0,0.0,3.4,61.0,236.0,3.87,3.0,3.0,1.0,1.0,7.0,277.0,9.0,5.0,1.0,15.0,4.0,15.0,0.0,0.0,2.0,10.0,0.0,0.0,0.0,31:37
2017,gnb,16.0,17.0,2017-12-31,Sun,Home,DET,NFC,NFC North,L,11.0,35.0,False,20.0,32.0,62.5,153.0,1.0,4.8,2.59,58.5,4.0,40.0,27.0,103.0,0.0,3.8,63.0,256.0,4.06,1.0,1.0,0.0,0.0,6.0,269.0,10.0,4.0,3.0,17.0,4.0,14.0,1.0,2.0,8.0,68.0,2.0,2.0,4.0,31:47,20.0,29.0,69.0,305.0,3.0,10.5,12.59,137.9,2.0,18.0,23.0,51.0,1.0,2.2,54.0,356.0,6.59,2.0,2.0,3.0,3.0,6.0,266.0,12.0,4.0,2.0,18.0,4.0,12.0,0.0,0.0,5.0,62.0,0.0,0.0,0.0,28:13
2018,gnb,1.0,1.0,2018-09-09,Sun,Home,CHI,NFC,NFC North,W,24.0,23.0,False,24.0,37.0,64.9,301.0,3.0,8.1,8.54,105.8,4.0,40.0,18.0,69.0,0.0,3.8,59.0,370.0,6.27,1.0,1.0,3.0,3.0,4.0,192.0,14.0,2.0,0.0,16.0,5.0,13.0,0.0,1.0,8.0,72.0,1.0,1.0,2.0,26:38,23.0,35.0,65.7,155.0,0.0,4.4,4.43,75.3,4.0,16.0,27.0,139.0,1.0,5.1,66.0,294.0,4.45,3.0,3.0,2.0,2.0,4.0,201.0,8.0,7.0,3.0,18.0,7.0,17.0,0.0,2.0,5.0,35.0,1.0,0.0,1.0,33:22
2018,gnb,2.0,2.0,2018-09-16,Sun,Home,MIN,NFC,NFC North,L,29.0,29.0,True,30.0,42.0,71.4,253.0,1.0,6.0,6.5,94.6,4.0,28.0,24.0,98.0,0.0,4.1,70.0,351.0,5.01,6.0,5.0,2.0,2.0,5.0,259.0,11.0,9.0,4.0,24.0,4.0,13.0,0.0,0.0,7.0,54.0,0.0,0.0,0.0,38:08,35.0,48.0,72.9,412.0,4.0,8.6,9.31,117.7,2.0,13.0,18.0,68.0,0.0,3.8,68.0,480.0,7.06,3.0,0.0,3.0,3.0,5.0,204.0,20.0,3.0,1.0,24.0,7.0,14.0,0.0,0.0,8.0,70.0,0.0,1.0,1.0,31:52
2018,gnb,3.0,3.0,2018-09-23,Sun,Home,WAS,NFC,NFC East,L,17.0,31.0,False,27.0,45.0,60.0,240.0,2.0,5.3,6.22,89.1,4.0,25.0,17.0,100.0,0.0,5.9,66.0,340.0,5.15,1.0,1.0,2.0,2.0,5.0,232.0,11.0,7.0,1.0,19.0,6.0,14.0,0.0,2.0,11.0,115.0,1.0,0.0,1.0,30:55,12.0,20.0,60.0,220.0,2.0,11.0,10.75,110.4,0.0,0.0,35.0,166.0,2.0,4.7,55.0,386.0,7.02,1.0,1.0,4.0,4.0,5.0,235.0,7.0,9.0,4.0,20.0,5.0,11.0,0.0,0.0,6.0,66.0,0.0,1.0,1.0,29:05
2018,gnb,4.0,4.0,2018-09-30,Sun,Home,BUF,AFC,AFC East,W,22.0,0.0,False,22.0,40.0,55.0,282.0,1.0,7.1,6.43,75.2,2.0,16.0,32.0,141.0,1.0,4.4,74.0,423.0,5.72,3.0,3.0,2.0,1.0,4.0,171.0,12.0,9.0,1.0,22.0,11.0,19.0,0.0,1.0,5.0,60.0,1.0,1.0,2.0,34:37,16.0,33.0,48.5,87.0,0.0,2.6,-0.09,29.7,7.0,64.0,16.0,58.0,0.0,3.6,56.0,145.0,2.59,0.0,0.0,0.0,0.0,8.0,348.0,6.0,2.0,3.0,11.0,3.0,16.0,0.0,0.0,3.0,20.0,1.0,2.0,3.0,25:23
2018,gnb,5.0,5.0,2018-10-07,Sun,Home,DET,NFC,NFC North,L,23.0,31.0,False,32.0,52.0,61.5,423.0,3.0,8.1,9.29,106.5,4.0,19.0,20.0,98.0,0.0,4.9,76.0,521.0,6.86,5.0,1.0,1.0,0.0,0.0,0.0,23.0,6.0,1.0,30.0,3.0,10.0,2.0,2.0,12.0,112.0,3.0,0.0,3.0,33:20,14.0,26.0,53.8,170.0,2.0,6.5,8.08,99.8,3.0,13.0,28.0,94.0,2.0,3.4,57.0,264.0,4.63,2.0,1.0,4.0,4.0,5.0,228.0,9.0,6.0,3.0,18.0,5.0,13.0,0.0,0.0,8.0,71.0,0.0,0.0,0.0,26:40
2018,gnb,6.0,6.0,2018-10-15,Mon,Home,SFO,NFC,NFC West,W,33.0,30.0,False,25.0,46.0,54.3,405.0,2.0,8.8,9.67,98.6,3.0,20.0,21.0,116.0,1.0,5.5,70.0,521.0,7.44,4.0,4.0,3.0,3.0,4.0,155.0,17.0,8.0,1.0,26.0,4.0,13.0,1.0,2.0,6.0,54.0,0.0,0.0,0.0,31:08,16.0,23.0,69.6,227.0,2.0,9.9,9.65,112.0,2.0,18.0,30.0,174.0,1.0,5.8,55.0,401.0,7.29,3.0,3.0,3.0,3.0,3.0,126.0,8.0,9.0,1.0,18.0,2.0,9.0,0.0,0.0,2.0,10.0,2.0,1.0,3.0,28:52
2018,gnb,7.0,8.0,2018-10-28,Sun,Home,LAR,NFC,NFC West,L,27.0,29.0,False,18.0,30.0,60.0,253.0,1.0,8.4,9.1,98.3,3.0,33.0,19.0,106.0,2.0,5.6,52.0,359.0,6.9,2.0,2.0,3.0,3.0,5.0,214.0,11.0,5.0,0.0,16.0,2.0,9.0,0.0,0.0,2.0,10.0,1.0,0.0,1.0,25:50,20.0,36.0,55.6,281.0,3.0,7.8,9.47,108.7,5.0,26.0,34.0,135.0,0.0,4.0,75.0,416.0,5.55,2.0,2.0,1.0,1.0,7.0,316.0,18.0,4.0,1.0,23.0,8.0,18.0,1.0,1.0,2.0,15.0,0.0,0.0,0.0,34:10
2018,gnb,8.0,9.0,2018-11-04,Sun,Home,NWE,AFC,AFC East,L,17.0,31.0,False,24.0,43.0,55.8,250.0,2.0,5.8,6.74,88.3,1.0,9.0,25.0,117.0,0.0,4.7,69.0,367.0,5.32,1.0,1.0,2.0,2.0,5.0,210.0,14.0,6.0,2.0,22.0,6.0,13.0,0.0,1.0,7.0,63.0,1.0,0.0,1.0,32:34,23.0,36.0,63.9,310.0,1.0,8.6,9.17,100.5,2.0,21.0,31.0,123.0,3.0,4.0,69.0,433.0,6.28,1.0,1.0,4.0,4.0,3.0,149.0,13.0,11.0,4.0,28.0,4.0,11.0,0.0,1.0,5.0,30.0,0.0,0.0,0.0,27:26
2018,gnb,9.0,10.0,2018-11-11,Sun,Home,MIA,AFC,AFC East,W,31.0,12.0,False,19.0,28.0,67.9,182.0,2.0,6.5,7.93,109.5,2.0,17.0,25.0,195.0,2.0,7.8,55.0,377.0,6.85,1.0,1.0,4.0,4.0,2.0,37.0,11.0,10.0,0.0,21.0,4.0,10.0,1.0,2.0,6.0,45.0,1.0,0.0,1.0,27:52,23.0,37.0,62.2,163.0,0.0,4.4,3.19,61.0,6.0,50.0,23.0,131.0,0.0,5.7,66.0,294.0,4.45,4.0,4.0,0.0,0.0,2.0,77.0,11.0,6.0,2.0,19.0,4.0,14.0,3.0,4.0,3.0,10.0,1.0,1.0,2.0,32:08
2018,gnb,10.0,11.0,2018-11-15,Thu,Home,SEA,NFC,NFC West,L,24.0,27.0,False,21.0,30.0,70.0,311.0,2.0,10.4,11.7,125.8,5.0,21.0,13.0,48.0,1.0,3.7,48.0,359.0,7.48,2.0,1.0,3.0,3.0,6.0,284.0,11.0,3.0,0.0,14.0,3.0,11.0,0.0,0.0,5.0,80.0,0.0,0.0,0.0,25:42,21.0,31.0,67.7,205.0,2.0,6.6,7.9,107.6,3.0,20.0,35.0,173.0,1.0,4.9,69.0,378.0,5.48,2.0,2.0,3.0,3.0,4.0,208.0,12.0,9.0,2.0,23.0,6.0,15.0,2.0,2.0,6.0,30.0,1.0,0.0,1.0,34:18
2018,gnb,11.0,12.0,2018-11-25,Sun,Home,MIN,NFC,NFC North,L,17.0,24.0,False,17.0,28.0,60.7,172.0,1.0,6.1,6.86,90.2,4.0,26.0,19.0,82.0,1.0,4.3,51.0,254.0,4.98,1.0,1.0,2.0,2.0,6.0,276.0,8.0,5.0,1.0,14.0,2.0,10.0,0.0,1.0,4.0,20.0,1.0,0.0,1.0,25:23,29.0,38.0,76.3,325.0,3.0,8.6,10.13,127.6,2.0,17.0,29.0,91.0,0.0,3.1,69.0,416.0,6.03,3.0,1.0,3.0,3.0,4.0,183.0,18.0,4.0,0.0,22.0,7.0,14.0,0.0,1.0,6.0,55.0,0.0,0.0,0.0,34:37
2018,gnb,12.0,13.0,2018-12-02,Sun,Home,ARI,NFC,NFC West,L,17.0,20.0,False,31.0,50.0,62.0,227.0,1.0,4.5,4.94,79.3,1.0,6.0,23.0,98.0,1.0,4.3,74.0,325.0,4.39,2.0,1.0,2.0,2.0,7.0,339.0,15.0,6.0,1.0,22.0,3.0,14.0,2.0,2.0,7.0,43.0,0.0,0.0,0.0,32:26,11.0,26.0,42.3,133.0,0.0,5.1,5.12,58.7,2.0,16.0,29.0,182.0,2.0,6.3,57.0,315.0,5.53,2.0,2.0,2.0,2.0,6.0,269.0,8.0,8.0,2.0,18.0,5.0,13.0,0.0,0.0,7.0,49.0,0.0,0.0,0.0,27:34
2018,gnb,13.0,14.0,2018-12-09,Sun,Home,ATL,NFC,NFC South,W,34.0,20.0,False,21.0,32.0,65.6,162.0,2.0,5.1,6.31,98.7,4.0,34.0,25.0,138.0,1.0,5.5,61.0,300.0,4.92,2.0,2.0,4.0,4.0,4.0,169.0,11.0,6.0,6.0,23.0,7.0,13.0,0.0,0.0,6.0,37.0,0.0,0.0,0.0,29:11,28.0,42.0,66.7,237.0,3.0,5.6,6.0,95.0,2.0,25.0,24.0,107.0,0.0,4.5,68.0,344.0,5.06,1.0,0.0,3.0,2.0,4.0,200.0,16.0,5.0,1.0,22.0,3.0,12.0,3.0,3.0,13.0,101.0,1.0,1.0,2.0,30:49
2018,gnb,14.0,15.0,2018-12-16,Sun,Home,CHI,NFC,NFC North,L,17.0,24.0,False,25.0,42.0,59.5,235.0,0.0,5.6,4.52,65.1,5.0,39.0,19.0,88.0,1.0,4.6,66.0,323.0,4.89,3.0,3.0,0.0,0.0,5.0,208.0,15.0,4.0,0.0,19.0,5.0,14.0,1.0,1.0,7.0,48.0,0.0,1.0,1.0,29:37,20.0,28.0,71.4,232.0,2.0,8.3,9.71,119.9,1.0,3.0,29.0,100.0,1.0,3.4,58.0,332.0,5.72,1.0,1.0,3.0,3.0,4.0,177.0,11.0,6.0,2.0,19.0,3.0,10.0,0.0,1.0,4.0,24.0,1.0,0.0,1.0,30:23
2018,gnb,15.0,16.0,2018-12-23,Sun,Home,NYJ,AFC,AFC East,W,44.0,38.0,True,37.0,55.0,67.3,413.0,2.0,7.5,8.24,101.6,4.0,29.0,20.0,127.0,3.0,6.4,79.0,540.0,6.84,3.0,3.0,3.0,3.0,3.0,113.0,19.0,9.0,7.0,35.0,5.0,12.0,2.0,2.0,10.0,86.0,1.0,0.0,1.0,34:19,24.0,35.0,68.6,323.0,3.0,9.2,10.94,126.2,2.0,18.0,20.0,47.0,1.0,2.4,57.0,370.0,6.49,2.0,1.0,5.0,5.0,4.0,176.0,18.0,4.0,1.0,23.0,3.0,11.0,2.0,2.0,16.0,172.0,0.0,0.0,0.0,29:18
2018,gnb,16.0,17.0,2018-12-30,Sun,Home,DET,NFC,NFC North,L,0.0,31.0,False,19.0,40.0,47.5,129.0,0.0,3.2,2.1,44.7,3.0,29.0,13.0,46.0,0.0,3.5,56.0,175.0,3.13,0.0,0.0,0.0,0.0,7.0,317.0,5.0,3.0,1.0,9.0,5.0,16.0,1.0,3.0,5.0,38.0,0.0,1.0,1.0,23:06,21.0,33.0,63.6,272.0,3.0,8.2,10.06,119.8,1.0,2.0,38.0,130.0,1.0,3.4,72.0,402.0,5.58,1.0,1.0,4.0,4.0,4.0,161.0,16.0,7.0,2.0,25.0,7.0,14.0,1.0,1.0,3.0,34.0,0.0,0.0,0.0,36:54
2019,gnb,1.0,1.0,2019-09-05,Thu,Home,CHI,NFC,NFC North,W,10.0,3.0,False,18.0,30.0,60.0,166.0,1.0,5.5,6.2,86.2,5.0,37.0,22.0,47.0,0.0,2.1,57.0,213.0,3.74,1.0,1.0,1.0,1.0,9.0,428.0,10.0,1.0,2.0,13.0,2.0,12.0,0.0,0.0,10.0,71.0,0.0,0.0,0.0,31:03,26.0,45.0,57.8,208.0,0.0,4.6,3.62,60.2,5.0,20.0,15.0,46.0,0.0,3.1,65.0,254.0,3.91,1.0,1.0,0.0,0.0,8.0,341.0,10.0,3.0,3.0,16.0,3.0,15.0,0.0,2.0,10.0,107.0,0.0,1.0,1.0,28:57
2019,gnb,2.0,2.0,2019-09-15,Sun,Home,MIN,NFC,NFC North,W,21.0,16.0,False,22.0,34.0,64.7,191.0,2.0,5.6,6.79,99.0,2.0,18.0,33.0,144.0,1.0,4.4,69.0,335.0,4.86,0.0,0.0,3.0,3.0,8.0,381.0,12.0,7.0,1.0,20.0,5.0,15.0,0.0,1.0,6.0,35.0,2.0,0.0,2.0,34:06,14.0,32.0,43.8,223.0,1.0,7.0,4.78,52.0,1.0,7.0,27.0,198.0,1.0,7.3,60.0,421.0,7.02,2.0,1.0,2.0,1.0,6.0,264.0,6.0,8.0,1.0,15.0,4.0,13.0,0.0,0.0,8.0,100.0,2.0,2.0,4.0,25:54
2019,gnb,3.0,3.0,2019-09-22,Sun,Home,DEN,AFC,AFC West,W,27.0,16.0,False,17.0,29.0,58.6,235.0,1.0,8.1,8.79,96.2,0.0,0.0,23.0,77.0,2.0,3.3,52.0,312.0,6.0,3.0,2.0,3.0,3.0,4.0,212.0,8.0,7.0,1.0,16.0,2.0,9.0,0.0,0.0,7.0,53.0,0.0,0.0,0.0,24:26,20.0,29.0,69.0,161.0,0.0,5.6,4.0,68.3,6.0,52.0,38.0,149.0,2.0,3.9,73.0,310.0,4.25,1.0,1.0,2.0,1.0,3.0,148.0,12.0,8.0,0.0,20.0,8.0,15.0,1.0,2.0,3.0,27.0,2.0,1.0,3.0,35:34
2019,gnb,4.0,4.0,2019-09-26,Thu,Home,PHI,NFC,NFC East,L,27.0,34.0,False,34.0,53.0,64.2,414.0,2.0,7.8,7.72,92.8,1.0,8.0,20.0,77.0,1.0,3.9,74.0,491.0,6.64,2.0,2.0,3.0,3.0,2.0,83.0,19.0,4.0,8.0,31.0,6.0,11.0,0.0,1.0,5.0,50.0,1.0,1.0,2.0,32:21,16.0,27.0,59.3,160.0,3.0,5.9,8.15,113.2,0.0,0.0,33.0,176.0,2.0,5.3,60.0,336.0,5.6,0.0,0.0,4.0,4.0,4.0,167.0,12.0,10.0,2.0,24.0,5.0,9.0,0.0,0.0,9.0,93.0,0.0,0.0,0.0,27:39
2019,gnb,5.0,5.0,2019-10-06,Sun,Home,DAL,NFC,NFC East,W,34.0,24.0,False,22.0,34.0,64.7,215.0,0.0,6.3,6.32,82.4,2.0,23.0,29.0,120.0,4.0,4.1,65.0,335.0,5.15,2.0,2.0,4.0,4.0,6.0,297.0,9.0,11.0,4.0,24.0,3.0,12.0,0.0,0.0,9.0,78.0,0.0,0.0,0.0,36:43,27.0,44.0,61.4,441.0,2.0,10.0,7.86,81.7,3.0,22.0,21.0,122.0,1.0,5.8,68.0,563.0,8.28,3.0,1.0,3.0,3.0,3.0,100.0,19.0,9.0,4.0,32.0,2.0,8.0,0.0,0.0,11.0,124.0,0.0,3.0,3.0,23:17
2019,gnb,6.0,6.0,2019-10-14,Mon,Home,DET,NFC,NFC North,W,23.0,22.0,False,24.0,39.0,61.5,277.0,2.0,7.1,6.97,89.4,1.0,6.0,29.0,170.0,0.0,5.9,69.0,447.0,6.48,3.0,3.0,2.0,2.0,3.0,155.0,13.0,4.0,5.0,22.0,4.0,12.0,0.0,0.0,6.0,48.0,2.0,1.0,3.0,33:04,18.0,32.0,56.3,243.0,0.0,7.6,7.59,80.6,3.0,22.0,20.0,56.0,1.0,2.8,55.0,299.0,5.44,5.0,5.0,1.0,1.0,4.0,186.0,10.0,3.0,0.0,13.0,3.0,13.0,1.0,1.0,8.0,50.0,0.0,0.0,0.0,26:56
2019,gnb,7.0,7.0,2019-10-20,Sun,Home,OAK,AFC,AFC West,W,42.0,24.0,False,25.0,31.0,80.6,421.0,5.0,13.6,16.81,158.3,1.0,8.0,23.0,60.0,1.0,2.6,55.0,481.0,8.75,0.0,0.0,6.0,6.0,3.0,166.0,15.0,5.0,2.0,22.0,6.0,10.0,0.0,0.0,3.0,20.0,0.0,0.0,0.0,30:24,24.0,31.0,77.4,329.0,3.0,10.6,11.1,129.6,0.0,0.0,31.0,155.0,0.0,5.0,62.0,484.0,7.81,1.0,1.0,3.0,3.0,2.0,106.0,16.0,5.0,0.0,21.0,7.0,11.0,0.0,1.0,8.0,97.0,1.0,1.0,2.0,29:36
2019,gnb,8.0,8.0,2019-10-27,Sun,Home,KAN,AFC,AFC West,W,31.0,24.0,False,23.0,33.0,69.7,256.0,3.0,7.8,9.58,122.8,5.0,49.0,26.0,118.0,1.0,4.5,64.0,374.0,5.84,1.0,1.0,4.0,4.0,3.0,106.0,15.0,5.0,1.0,21.0,8.0,13.0,0.0,0.0,4.0,25.0,0.0,0.0,0.0,33:13,24.0,36.0,66.7,249.0,2.0,6.9,8.03,105.0,2.0,18.0,20.0,88.0,1.0,4.4,58.0,337.0,5.81,2.0,1.0,3.0,3.0,3.0,154.0,16.0,4.0,1.0,21.0,6.0,11.0,0.0,0.0,3.0,30.0,1.0,0.0,1.0,26:47
2019,gnb,9.0,9.0,2019-11-03,Sun,Home,LAC,AFC,AFC West,L,11.0,26.0,False,23.0,35.0,65.7,139.0,1.0,4.0,4.54,82.9,3.0,22.0,11.0,45.0,0.0,4.1,49.0,184.0,3.76,1.0,1.0,0.0,0.0,5.0,188.0,11.0,1.0,1.0,13.0,2.0,10.0,0.0,1.0,8.0,45.0,0.0,0.0,0.0,24:09,21.0,28.0,75.0,283.0,0.0,10.1,10.11,106.7,2.0,11.0,38.0,159.0,2.0,4.2,68.0,442.0,6.5,5.0,4.0,2.0,2.0,1.0,38.0,13.0,11.0,0.0,24.0,5.0,11.0,1.0,1.0,5.0,45.0,0.0,0.0,0.0,35:51
2019,gnb,10.0,10.0,2019-11-10,Sun,Home,CAR,NFC,NFC South,W,24.0,16.0,False,17.0,29.0,58.6,225.0,0.0,7.8,7.76,83.3,2.0,8.0,27.0,163.0,3.0,6.0,58.0,388.0,6.69,1.0,1.0,3.0,3.0,4.0,141.0,9.0,10.0,4.0,23.0,4.0,9.0,0.0,0.0,10.0,64.0,0.0,0.0,0.0,31:22,28.0,43.0,65.1,281.0,1.0,6.5,5.95,81.6,3.0,26.0,23.0,120.0,1.0,5.2,69.0,401.0,5.81,1.0,1.0,1.0,1.0,3.0,122.0,19.0,6.0,1.0,26.0,4.0,10.0,1.0,1.0,5.0,46.0,1.0,1.0,2.0,28:38
2019,gnb,11.0,12.0,2019-11-24,Sun,Home,SFO,NFC,NFC West,L,8.0,37.0,False,23.0,37.0,62.2,81.0,1.0,2.2,2.73,75.4,5.0,38.0,28.0,117.0,0.0,4.2,70.0,198.0,2.83,0.0,0.0,0.0,0.0,6.0,223.0,8.0,5.0,6.0,19.0,1.0,15.0,1.0,3.0,5.0,50.0,1.0,0.0,1.0,35:16,14.0,20.0,70.0,227.0,2.0,11.4,13.35,141.0,3.0,26.0,22.0,112.0,2.0,5.1,45.0,339.0,7.53,3.0,3.0,4.0,4.0,4.0,182.0,9.0,6.0,1.0,16.0,3.0,9.0,0.0,0.0,9.0,78.0,0.0,0.0,0.0,24:44
2019,gnb,12.0,13.0,2019-12-01,Sun,Home,NYG,NFC,NFC East,W,31.0,13.0,False,21.0,33.0,63.6,243.0,4.0,7.4,9.79,125.4,0.0,0.0,26.0,79.0,0.0,3.0,59.0,322.0,5.46,1.0,1.0,4.0,4.0,3.0,140.0,13.0,2.0,4.0,19.0,7.0,13.0,1.0,1.0,7.0,54.0,0.0,0.0,0.0,28:43,20.0,37.0,54.1,240.0,1.0,6.5,3.38,49.4,0.0,0.0,27.0,95.0,0.0,3.5,64.0,335.0,5.23,2.0,2.0,1.0,1.0,1.0,47.0,12.0,7.0,1.0,20.0,5.0,14.0,3.0,4.0,4.0,31.0,0.0,3.0,3.0,31:17
2019,gnb,13.0,14.0,2019-12-08,Sun,Home,WAS,NFC,NFC East,W,20.0,15.0,False,18.0,28.0,64.3,167.0,1.0,6.0,6.68,92.4,4.0,28.0,28.0,174.0,1.0,6.2,60.0,341.0,5.68,2.0,2.0,2.0,2.0,4.0,161.0,9.0,9.0,0.0,18.0,5.0,13.0,2.0,2.0,5.0,34.0,1.0,0.0,1.0,30:24,16.0,27.0,59.3,141.0,1.0,5.2,4.3,70.1,4.0,29.0,28.0,121.0,1.0,4.3,59.0,262.0,4.44,1.0,1.0,1.0,0.0,6.0,264.0,11.0,5.0,2.0,18.0,4.0,11.0,0.0,0.0,3.0,25.0,0.0,1.0,1.0,29:36
2019,gnb,14.0,15.0,2019-12-15,Sun,Home,CHI,NFC,NFC North,W,21.0,13.0,False,16.0,33.0,48.5,192.0,1.0,5.8,6.42,76.8,1.0,11.0,24.0,100.0,2.0,4.2,58.0,292.0,5.03,0.0,0.0,3.0,3.0,7.0,250.0,7.0,5.0,0.0,12.0,5.0,15.0,1.0,3.0,4.0,30.0,0.0,0.0,0.0,25:38,29.0,53.0,54.7,319.0,1.0,6.0,4.7,63.3,3.0,15.0,27.0,96.0,0.0,3.6,83.0,415.0,5.0,2.0,2.0,1.0,1.0,4.0,155.0,15.0,4.0,1.0,20.0,9.0,20.0,0.0,3.0,4.0,35.0,1.0,2.0,3.0,34:22
2019,gnb,15.0,16.0,2019-12-23,Mon,Home,MIN,NFC,NFC North,W,23.0,10.0,False,26.0,40.0,65.0,199.0,0.0,5.0,3.85,66.6,3.0,17.0,32.0,184.0,2.0,5.8,75.0,383.0,5.11,3.0,3.0,1.0,0.0,5.0,234.0,14.0,8.0,0.0,22.0,5.0,14.0,0.0,0.0,2.0,20.0,2.0,1.0,3.0,37:32,16.0,32.0,50.0,82.0,1.0,2.6,1.78,53.6,5.0,40.0,16.0,57.0,0.0,3.6,53.0,139.0,2.62,1.0,1.0,1.0,1.0,8.0,377.0,6.0,1.0,0.0,7.0,4.0,15.0,0.0,2.0,3.0,30.0,0.0,1.0,1.0,22:28
2019,gnb,16.0,17.0,2019-12-29,Sun,Home,DET,NFC,NFC North,W,23.0,20.0,False,27.0,55.0,49.1,312.0,2.0,5.7,5.58,71.2,1.0,11.0,30.0,120.0,0.0,4.0,86.0,432.0,5.02,4.0,3.0,2.0,2.0,5.0,221.0,18.0,6.0,1.0,25.0,8.0,20.0,2.0,2.0,9.0,97.0,0.0,1.0,1.0,34:56,13.0,30.0,43.3,134.0,1.0,4.5,3.63,54.0,1.0,7.0,25.0,171.0,1.0,6.8,56.0,305.0,5.45,2.0,2.0,2.0,2.0,7.0,317.0,5.0,9.0,3.0,17.0,3.0,12.0,1.0,1.0,4.0,50.0,0.0,1.0,1.0,25:04
2020,gnb,1.0,1.0,2020-09-13,Sun,Home,MIN,NFC,NFC North,W,43.0,34.0,False,32.0,44.0,72.7,364.0,4.0,8.3,10.09,127.5,0.0,0.0,32.0,158.0,1.0,4.9,76.0,522.0,6.87,2.0,2.0,5.0,5.0,1.0,40.0,17.0,11.0,3.0,31.0,6.0,11.0,1.0,2.0,6.0,63.0,0.0,0.0,0.0,41:16,19.0,25.0,76.0,248.0,2.0,9.9,9.72,116.7,2.0,11.0,22.0,134.0,2.0,6.1,49.0,382.0,7.8,1.0,1.0,1.0,1.0,2.0,80.0,12.0,10.0,3.0,25.0,3.0,6.0,0.0,1.0,5.0,20.0,0.0,1.0,1.0,18:44
2020,gnb,2.0,2.0,2020-09-20,Sun,Home,DET,NFC,NFC North,W,42.0,21.0,False,18.0,30.0,60.0,229.0,2.0,7.6,8.97,106.1,1.0,11.0,35.0,259.0,2.0,7.4,66.0,488.0,7.39,2.0,2.0,4.0,4.0,3.0,128.0,13.0,9.0,4.0,26.0,6.0,12.0,1.0,1.0,8.0,60.0,0.0,0.0,0.0,34:46,20.0,33.0,60.6,218.0,2.0,6.6,6.45,87.7,4.0,26.0,21.0,89.0,1.0,4.2,58.0,307.0,5.29,1.0,0.0,3.0,3.0,5.0,271.0,10.0,8.0,1.0,19.0,6.0,12.0,0.0,1.0,7.0,70.0,0.0,1.0,1.0,25:14
2020,gnb,3.0,3.0,2020-09-27,Sun,Home,NOR,NFC,NFC South,W,37.0,30.0,False,21.0,32.0,65.6,271.0,3.0,8.5,10.34,123.3,1.0,12.0,26.0,98.0,1.0,3.8,59.0,369.0,6.25,3.0,3.0,4.0,4.0,1.0,38.0,14.0,6.0,4.0,24.0,5.0,11.0,1.0,2.0,2.0,10.0,0.0,0.0,0.0,31:40,29.0,36.0,80.6,275.0,3.0,7.6,9.31,126.3,2.0,13.0,20.0,122.0,0.0,6.1,58.0,397.0,6.84,3.0,3.0,3.0,3.0,3.0,115.0,14.0,5.0,2.0,21.0,5.0,11.0,1.0,1.0,8.0,83.0,1.0,0.0,1.0,28:20
2020,gnb,4.0,4.0,2020-10-05,Mon,Home,ATL,NFC,NFC South,W,30.0,16.0,False,27.0,33.0,81.8,315.0,4.0,9.5,11.97,146.0,1.0,12.0,26.0,88.0,0.0,3.4,60.0,403.0,6.72,1.0,1.0,4.0,3.0,2.0,81.0,17.0,4.0,1.0,22.0,6.0,11.0,1.0,2.0,3.0,30.0,0.0,0.0,0.0,29:38,28.0,39.0,71.8,249.0,0.0,6.4,6.38,88.5,4.0,36.0,25.0,78.0,2.0,3.1,68.0,327.0,4.81,1.0,1.0,2.0,1.0,3.0,122.0,15.0,8.0,1.0,24.0,3.0,12.0,2.0,4.0,3.0,23.0,0.0,0.0,0.0,30:22
2020,gnb,5.0,6.0,2020-10-18,Sun,Home,TAM,NFC,NFC South,L,10.0,38.0,False,16.0,35.0,45.7,107.0,0.0,3.1,0.49,29.1,5.0,53.0,21.0,94.0,1.0,4.5,61.0,201.0,3.3,1.0,1.0,1.0,1.0,7.0,325.0,9.0,4.0,0.0,13.0,7.0,17.0,0.0,0.0,6.0,76.0,0.0,2.0,2.0,31:37,17.0,28.0,60.7,166.0,2.0,5.9,7.36,101.2,0.0,0.0,35.0,158.0,2.0,4.5,63.0,324.0,5.14,1.0,1.0,5.0,5.0,5.0,192.0,9.0,9.0,3.0,21.0,5.0,12.0,0.0,0.0,0.0,0.0,0.0,0.0,0.0,28:23
2020,gnb,6.0,7.0,2020-10-25,Sun,Home,HOU,AFC,AFC South,W,35.0,20.0,False,23.0,34.0,67.6,283.0,4.0,8.3,10.68,132.4,0.0,0.0,27.0,96.0,1.0,3.6,61.0,379.0,6.21,0.0,0.0,5.0,5.0,5.0,207.0,15.0,5.0,2.0,22.0,7.0,12.0,0.0,0.0,5.0,40.0,0.0,0.0,0.0,28:54,29.0,39.0,74.4,286.0,2.0,7.3,8.36,111.7,3.0,23.0,22.0,79.0,0.0,3.6,64.0,365.0,5.7,3.0,2.0,2.0,2.0,4.0,205.0,15.0,4.0,1.0,20.0,6.0,14.0,0.0,1.0,6.0,55.0,1.0,0.0,1.0,31:06
2020,gnb,7.0,8.0,2020-11-01,Sun,Home,MIN,NFC,NFC North,L,22.0,28.0,False,27.0,41.0,65.9,291.0,3.0,7.1,8.56,110.9,1.0,0.0,24.0,109.0,0.0,4.5,66.0,400.0,6.06,0.0,0.0,2.0,2.0,1.0,38.0,17.0,5.0,2.0,24.0,5.0,11.0,3.0,5.0,9.0,85.0,1.0,0.0,1.0,32:12,11.0,14.0,78.6,151.0,1.0,10.8,12.21,135.4,1.0,9.0,34.0,173.0,3.0,5.1,49.0,324.0,6.61,0.0,0.0,4.0,4.0,3.0,113.0,6.0,11.0,3.0,20.0,4.0,8.0,1.0,1.0,7.0,36.0,0.0,0.0,0.0,27:48
2020,gnb,8.0,9.0,2020-11-05,Thu,Home,SFO,NFC,NFC West,W,34.0,17.0,False,25.0,31.0,80.6,294.0,4.0,9.5,12.06,145.8,1.0,11.0,31.0,111.0,0.0,3.6,63.0,405.0,6.43,2.0,2.0,4.0,4.0,3.0,154.0,13.0,6.0,2.0,21.0,6.0,12.0,1.0,1.0,5.0,45.0,0.0,0.0,0.0,36:30,22.0,35.0,62.9,282.0,1.0,8.1,7.34,85.7,1.0,9.0,17.0,55.0,1.0,3.2,53.0,337.0,6.36,1.0,1.0,2.0,2.0,4.0,219.0,8.0,6.0,3.0,17.0,3.0,10.0,0.0,1.0,4.0,33.0,1.0,1.0,2.0,23:30
2020,gnb,9.0,10.0,2020-11-15,Sun,Home,JAX,AFC,AFC South,W,24.0,20.0,False,24.0,34.0,70.6,315.0,2.0,9.3,9.12,106.9,1.0,10.0,25.0,80.0,1.0,3.2,60.0,395.0,6.58,1.0,1.0,3.0,3.0,5.0,215.0,11.0,3.0,2.0,16.0,5.0,13.0,0.0,1.0,4.0,35.0,1.0,1.0,2.0,31:41,18.0,35.0,51.4,151.0,1.0,4.3,3.6,60.5,3.0,18.0,23.0,109.0,0.0,4.7,61.0,260.0,4.26,2.0,2.0,2.0,2.0,6.0,275.0,10.0,5.0,1.0,16.0,4.0,13.0,0.0,1.0,7.0,86.0,0.0,1.0,1.0,28:19
2020,gnb,10.0,11.0,2020-11-22,Sun,Home,IND,AFC,AFC South,L,31.0,34.0,True,27.0,38.0,71.1,301.0,3.0,7.9,8.32,109.6,1.0,10.0,18.0,66.0,1.0,3.7,57.0,367.0,6.44,1.0,1.0,4.0,4.0,3.0,117.0,13.0,7.0,1.0,21.0,4.0,9.0,0.0,1.0,7.0,45.0,3.0,1.0,4.0,27:49,24.0,36.0,66.7,280.0,3.0,7.8,8.19,106.2,1.0,8.0,37.0,140.0,0.0,3.8,74.0,420.0,5.68,5.0,4.0,2.0,2.0,2.0,71.0,12.0,10.0,1.0,23.0,6.0,16.0,2.0,2.0,8.0,116.0,1.0,1.0,2.0,35:01
2020,gnb,11.0,12.0,2020-11-29,Sun,Home,CHI,NFC,NFC North,W,41.0,25.0,False,21.0,29.0,72.4,211.0,4.0,7.3,10.03,132.3,0.0,0.0,39.0,182.0,1.0,4.7,68.0,393.0,5.78,0.0,0.0,6.0,5.0,2.0,92.0,13.0,14.0,1.0,28.0,6.0,11.0,3.0,3.0,3.0,17.0,0.0,0.0,0.0,37:44,26.0,46.0,56.5,229.0,3.0,5.0,4.33,73.6,3.0,13.0,16.0,121.0,0.0,7.6,65.0,350.0,5.38,1.0,1.0,2.0,2.0,2.0,88.0,19.0,6.0,1.0,26.0,4.0,10.0,1.0,1.0,5.0,45.0,1.0,2.0,3.0,22:16
2020,gnb,12.0,13.0,2020-12-06,Sun,Home,PHI,NFC,NFC East,W,30.0,16.0,False,25.0,34.0,73.5,288.0,3.0,8.5,10.24,128.1,2.0,7.0,25.0,149.0,1.0,6.0,61.0,437.0,7.16,1.0,1.0,4.0,3.0,4.0,194.0,14.0,6.0,0.0,20.0,5.0,12.0,1.0,1.0,5.0,30.0,0.0,0.0,0.0,31:39,11.0,27.0,40.7,161.0,1.0,6.0,5.04,57.8,7.0,27.0,25.0,117.0,0.0,4.7,59.0,278.0,4.71,1.0,1.0,2.0,1.0,5.0,211.0,8.0,7.0,2.0,17.0,4.0,13.0,1.0,1.0,4.0,40.0,0.0,1.0,1.0,28:21
2020,gnb,13.0,14.0,2020-12-13,Sun,Home,DET,NFC,NFC North,W,31.0,24.0,False,26.0,33.0,78.8,290.0,3.0,8.8,10.61,133.6,0.0,0.0,31.0,120.0,1.0,3.9,64.0,410.0,6.41,1.0,1.0,4.0,4.0,2.0,101.0,15.0,10.0,1.0,26.0,8.0,11.0,0.0,0.0,12.0,68.0,0.0,0.0,0.0,35:30,27.0,40.0,67.5,242.0,1.0,6.1,6.55,91.9,4.0,31.0,15.0,51.0,2.0,3.4,59.0,293.0,4.97,1.0,1.0,3.0,3.0,3.0,134.0,17.0,5.0,5.0,27.0,5.0,10.0,0.0,0.0,4.0,30.0,0.0,0.0,0.0,24:30
2020,gnb,14.0,15.0,2020-12-19,Sat,Home,CAR,NFC,NFC South,W,24.0,16.0,False,20.0,29.0,69.0,96.0,1.0,3.3,4.0,84.8,5.0,47.0,27.0,195.0,2.0,7.2,61.0,291.0,4.77,1.0,1.0,3.0,3.0,6.0,275.0,8.0,9.0,3.0,20.0,5.0,12.0,0.0,0.0,5.0,50.0,0.0,0.0,0.0,29:09,21.0,35.0,60.0,249.0,0.0,7.1,7.11,81.7,3.0,9.0,27.0,115.0,1.0,4.3,65.0,364.0,5.6,3.0,3.0,1.0,1.0,4.0,183.0,8.0,10.0,2.0,20.0,4.0,12.0,1.0,2.0,7.0,66.0,1.0,0.0,1.0,30:51
2020,gnb,15.0,16.0,2020-12-27,Sun,Home,TEN,AFC,AFC South,W,40.0,14.0,False,21.0,25.0,84.0,214.0,4.0,8.6,9.96,125.2,1.0,17.0,37.0,234.0,2.0,6.3,63.0,448.0,7.11,0.0,0.0,5.0,4.0,0.0,0.0,14.0,12.0,1.0,27.0,4.0,8.0,1.0,2.0,0.0,0.0,0.0,1.0,1.0,36:37,11.0,26.0,42.3,104.0,1.0,4.0,1.31,34.8,2.0,17.0,27.0,156.0,1.0,5.8,55.0,260.0,4.73,0.0,0.0,2.0,2.0,4.0,174.0,9.0,6.0,0.0,15.0,5.0,11.0,0.0,1.0,3.0,15.0,0.0,2.0,2.0,23:23
2020,gnb,16.0,17.0,2021-01-03,Sun,Home,CHI,NFC,NFC North,W,35.0,16.0,False,19.0,24.0,79.2,237.0,4.0,9.9,13.21,147.4,1.0,3.0,19.0,79.0,1.0,4.2,44.0,316.0,7.18,0.0,0.0,5.0,5.0,2.0,87.0,13.0,3.0,1.0,17.0,4.0,7.0,0.0,0.0,4.0,30.0,1.0,0.0,1.0,24:32,33.0,42.0,78.6,248.0,0.0,5.9,4.83,81.3,1.0,4.0,31.0,108.0,1.0,3.5,74.0,356.0,4.81,3.0,3.0,1.0,1.0,1.0,53.0,12.0,9.0,0.0,21.0,6.0,15.0,5.0,6.0,1.0,16.0,1.0,1.0,2.0,35:28
2021,gnb,1.0,1.0,2021-09-12,Sun,Home,NOR,NFC,NFC South,L,3.0,38.0,False,20.0,35.0,57.1,186.0,0.0,5.3,2.74,48.0,2.0,15.0,15.0,43.0,0.0,2.9,52.0,229.0,4.4,1.0,1.0,0.0,0.0,4.0,176.0,9.0,2.0,3.0,14.0,1.0,10.0,2.0,3.0,5.0,33.0,1.0,2.0,3.0,25:24,15.0,21.0,71.4,151.0,5.0,7.2,11.95,131.2,0.0,0.0,39.0,171.0,0.0,4.4,60.0,322.0,5.37,1.0,1.0,5.0,5.0,2.0,103.0,10.0,11.0,1.0,22.0,5.0,10.0,2.0,2.0,6.0,36.0,0.0,0.0,0.0,34:36
2021,gnb,2.0,2.0,2021-09-20,Mon,Home,DET,NFC,NFC North,W,35.0,17.0,False,22.0,27.0,81.5,227.0,4.0,8.4,11.37,141.3,3.0,28.0,31.0,96.0,1.0,3.1,61.0,323.0,5.3,0.0,0.0,5.0,5.0,3.0,140.0,16.0,5.0,4.0,25.0,5.0,9.0,0.0,0.0,5.0,50.0,0.0,0.0,0.0,33:25,26.0,36.0,72.2,236.0,2.0,6.6,6.42,96.5,1.0,10.0,19.0,108.0,0.0,5.7,56.0,344.0,6.14,1.0,1.0,2.0,2.0,2.0,107.0,11.0,7.0,1.0,19.0,4.0,9.0,0.0,2.0,9.0,78.0,1.0,1.0,2.0,26:35
2021,gnb,3.0,3.0,2021-09-26,Sun,Home,SFO,NFC,NFC West,W,30.0,28.0,False,23.0,33.0,69.7,253.0,2.0,7.7,8.88,112.3,1.0,8.0,25.0,100.0,1.0,4.0,59.0,353.0,5.98,3.0,3.0,3.0,3.0,3.0,164.0,13.0,5.0,3.0,21.0,5.0,11.0,0.0,1.0,7.0,87.0,0.0,0.0,0.0,30:08,25.0,40.0,62.5,231.0,2.0,5.8,5.65,84.5,4.0,26.0,21.0,67.0,2.0,3.2,65.0,298.0,4.58,0.0,0.0,4.0,4.0,4.0,213.0,15.0,6.0,5.0,26.0,7.0,11.0,0.0,0.0,4.0,86.0,1.0,1.0,2.0,29:52
2021,gnb,4.0,4.0,2021-10-03,Sun,Home,PIT,AFC,AFC North,W,27.0,17.0,False,20.0,36.0,55.6,236.0,2.0,6.6,7.67,94.2,3.0,12.0,33.0,131.0,1.0,4.0,72.0,367.0,5.1,2.0,2.0,3.0,3.0,3.0,138.0,13.0,9.0,1.0,23.0,9.0,15.0,0.0,1.0,3.0,25.0,1.0,0.0,1.0,34:41,26.0,40.0,65.0,220.0,1.0,5.5,4.88,77.1,2.0,12.0,16.0,62.0,1.0,3.9,58.0,282.0,4.86,1.0,1.0,2.0,2.0,3.0,102.0,11.0,5.0,1.0,17.0,4.0,11.0,0.0,2.0,5.0,34.0,1.0,1.0,2.0,25:19
2021,gnb,5.0,5.0,2021-10-10,Sun,Home,CIN,AFC,AFC North,W,25.0,22.0,True,27.0,39.0,69.2,333.0,2.0,8.5,8.41,101.8,2.0,11.0,22.0,133.0,0.0,6.0,63.0,466.0,7.4,7.0,4.0,2.0,1.0,2.0,67.0,16.0,4.0,1.0,21.0,4.0,11.0,0.0,0.0,2.0,10.0,0.0,1.0,1.0,33:59,26.0,38.0,68.4,264.0,2.0,6.9,5.63,83.7,3.0,17.0,24.0,103.0,1.0,4.3,65.0,367.0,5.65,2.0,0.0,2.0,2.0,5.0,194.0,12.0,6.0,0.0,18.0,5.0,14.0,2.0,2.0,2.0,21.0,0.0,2.0,2.0,34:06
2021,gnb,6.0,6.0,2021-10-17,Sun,Home,CHI,NFC,NFC North,W,24.0,14.0,False,17.0,23.0,73.9,169.0,2.0,7.3,9.09,123.3,3.0,26.0,31.0,154.0,1.0,5.0,57.0,323.0,5.67,1.0,1.0,3.0,3.0,3.0,168.0,10.0,10.0,2.0,22.0,2.0,8.0,1.0,1.0,3.0,51.0,0.0,0.0,0.0,32:17,16.0,27.0,59.3,137.0,1.0,5.1,4.15,69.5,4.0,37.0,26.0,140.0,1.0,5.4,57.0,277.0,4.86,0.0,0.0,2.0,2.0,4.0,161.0,10.0,10.0,1.0,21.0,4.0,11.0,1.0,2.0,7.0,54.0,0.0,1.0,1.0,27:43
2021,gnb,7.0,7.0,2021-10-24,Sun,Home,WAS,NFC,NFC East,W,24.0,10.0,False,27.0,35.0,77.1,247.0,3.0,7.1,8.77,124.3,3.0,27.0,15.0,57.0,0.0,3.8,53.0,304.0,5.74,2.0,1.0,3.0,3.0,3.0,139.0,16.0,2.0,1.0,19.0,6.0,12.0,1.0,1.0,4.0,36.0,1.0,0.0,1.0,27:06,25.0,37.0,67.6,235.0,1.0,6.4,5.68,82.6,4.0,33.0,29.0,195.0,0.0,6.7,70.0,430.0,6.14,2.0,1.0,1.0,1.0,0.0,0.0,15.0,9.0,1.0,25.0,4.0,11.0,1.0,4.0,4.0,50.0,1.0,1.0,2.0,32:54
2021,gnb,8.0,8.0,2021-10-28,Thu,Home,ARI,NFC,NFC West,W,24.0,21.0,False,22.0,37.0,59.5,184.0,2.0,5.0,6.05,90.4,1.0,0.0,34.0,151.0,1.0,4.4,72.0,335.0,4.65,1.0,1.0,3.0,3.0,3.0,154.0,10.0,11.0,3.0,24.0,6.0,14.0,2.0,4.0,7.0,60.0,0.0,0.0,0.0,37:35,22.0,33.0,66.7,260.0,0.0,7.9,5.15,65.2,2.0,14.0,20.0,74.0,3.0,3.7,55.0,334.0,6.07,0.0,0.0,3.0,3.0,3.0,166.0,12.0,7.0,3.0,22.0,4.0,10.0,2.0,2.0,7.0,59.0,1.0,2.0,3.0,22:25
2021,gnb,9.0,9.0,2021-11-07,Sun,Home,KAN,AFC,AFC West,L,7.0,13.0,False,19.0,34.0,55.9,179.0,1.0,5.3,4.53,68.1,1.0,11.0,25.0,122.0,0.0,4.9,60.0,301.0,5.02,2.0,0.0,1.0,1.0,4.0,217.0,11.0,6.0,2.0,19.0,2.0,12.0,2.0,3.0,4.0,19.0,1.0,1.0,2.0,31:33,20.0,37.0,54.1,160.0,1.0,4.3,4.86,74.2,1.0,6.0,25.0,77.0,0.0,3.1,63.0,237.0,3.76,2.0,2.0,1.0,1.0,6.0,341.0,9.0,4.0,1.0,14.0,5.0,14.0,1.0,2.0,6.0,33.0,0.0,0.0,0.0,28:27
2021,gnb,10.0,10.0,2021-11-14,Sun,Home,SEA,NFC,NFC West,W,17.0,0.0,False,23.0,37.0,62.2,287.0,0.0,7.8,6.54,74.9,1.0,5.0,32.0,106.0,2.0,3.3,70.0,393.0,5.61,2.0,1.0,2.0,2.0,3.0,140.0,10.0,10.0,2.0,22.0,7.0,14.0,0.0,1.0,3.0,43.0,0.0,1.0,1.0,39:09,20.0,40.0,50.0,133.0,0.0,3.3,1.08,36.8,3.0,28.0,16.0,75.0,0.0,4.7,59.0,208.0,3.53,0.0,0.0,0.0,0.0,6.0,274.0,8.0,6.0,1.0,15.0,7.0,15.0,0.0,1.0,5.0,39.0,0.0,2.0,2.0,20:51
2021,gnb,11.0,11.0,2021-11-21,Sun,Home,MIN,NFC,NFC North,L,31.0,34.0,False,23.0,33.0,69.7,372.0,4.0,11.3,13.7,146.7,2.0,13.0,19.0,95.0,0.0,5.0,54.0,467.0,8.65,2.0,1.0,4.0,4.0,2.0,102.0,16.0,4.0,1.0,21.0,7.0,11.0,0.0,0.0,8.0,92.0,0.0,0.0,0.0,28:59,24.0,35.0,68.6,318.0,3.0,9.1,10.8,125.7,2.0,23.0,29.0,90.0,1.0,3.1,66.0,408.0,6.18,2.0,2.0,3.0,2.0,3.0,125.0,17.0,6.0,2.0,25.0,9.0,13.0,0.0,0.0,3.0,25.0,0.0,0.0,0.0,31:01
2021,gnb,12.0,12.0,2021-11-28,Sun,Home,LAR,NFC,NFC West,W,36.0,28.0,False,28.0,45.0,62.2,307.0,2.0,6.8,7.71,97.2,1.0,0.0,32.0,92.0,1.0,2.9,78.0,399.0,5.12,4.0,3.0,3.0,3.0,5.0,212.0,14.0,5.0,2.0,21.0,7.0,19.0,2.0,2.0,3.0,32.0,1.0,0.0,1.0,39:40,21.0,39.0,53.8,285.0,3.0,7.3,7.69,92.4,2.0,17.0,20.0,68.0,0.0,3.4,61.0,353.0,5.79,2.0,2.0,2.0,2.0,5.0,205.0,10.0,5.0,0.0,15.0,4.0,13.0,0.0,1.0,4.0,30.0,2.0,1.0,3.0,20:20
2021,gnb,13.0,14.0,2021-12-12,Sun,Home,CHI,NFC,NFC North,W,45.0,30.0,False,29.0,37.0,78.4,320.0,4.0,8.6,10.81,138.7,3.0,21.0,24.0,119.0,1.0,5.0,64.0,439.0,6.86,1.0,1.0,6.0,6.0,4.0,171.0,19.0,7.0,1.0,27.0,4.0,10.0,1.0,1.0,3.0,30.0,0.0,0.0,0.0,35:00,18.0,33.0,54.5,210.0,2.0,6.4,4.85,69.0,2.0,14.0,23.0,137.0,0.0,6.0,58.0,347.0,5.98,3.0,3.0,3.0,3.0,4.0,185.0,7.0,7.0,2.0,16.0,5.0,13.0,0.0,1.0,7.0,41.0,1.0,2.0,3.0,25:00
2021,gnb,14.0,15.0,2021-12-19,Sun,Home,BAL,AFC,AFC North,W,31.0,30.0,False,23.0,31.0,74.2,250.0,3.0,8.1,10.0,129.8,3.0,18.0,25.0,96.0,1.0,3.8,59.0,346.0,5.86,1.0,1.0,4.0,4.0,3.0,146.0,20.0,4.0,2.0,26.0,5.0,9.0,0.0,0.0,8.0,76.0,0.0,0.0,0.0,31:10,28.0,40.0,70.0,211.0,2.0,5.3,6.28,99.1,1.0,4.0,26.0,143.0,2.0,5.5,67.0,354.0,5.28,1.0,1.0,3.0,3.0,1.0,42.0,12.0,10.0,2.0,24.0,7.0,13.0,2.0,4.0,8.0,56.0,0.0,0.0,0.0,28:50
2021,gnb,15.0,16.0,2021-12-25,Sat,Home,CLE,AFC,AFC North,W,24.0,22.0,False,24.0,34.0,70.6,202.0,3.0,5.9,7.71,115.1,0.0,0.0,24.0,109.0,0.0,4.5,58.0,311.0,5.36,1.0,1.0,3.0,3.0,5.0,235.0,10.0,8.0,1.0,19.0,3.0,10.0,1.0,1.0,3.0,29.0,0.0,0.0,0.0,28:19,21.0,36.0,58.3,189.0,2.0,5.3,1.36,51.5,5.0,33.0,25.0,219.0,1.0,8.8,66.0,408.0,6.18,1.0,1.0,2.0,1.0,1.0,37.0,15.0,12.0,1.0,28.0,7.0,12.0,1.0,1.0,6.0,38.0,0.0,4.0,4.0,31:41
2021,gnb,16.0,17.0,2022-01-02,Sun,Home,MIN,NFC,NFC North,W,37.0,10.0,False,31.0,42.0,73.8,307.0,2.0,7.3,8.26,109.9,0.0,0.0,32.0,174.0,2.0,5.4,74.0,481.0,6.5,3.0,3.0,4.0,4.0,2.0,63.0,17.0,11.0,1.0,29.0,7.0,13.0,0.0,1.0,1.0,5.0,0.0,0.0,0.0,38:33,24.0,39.0,61.5,179.0,1.0,4.6,5.1,81.0,2.0,15.0,11.0,27.0,0.0,2.5,52.0,206.0,3.96,1.0,1.0,1.0,1.0,6.0,296.0,8.0,2.0,1.0,11.0,2.0,12.0,1.0,4.0,3.0,23.0,0.0,0.0,0.0,21:27
2021,gnb,17.0,18.0,2022-01-09,Sun,Home,DET,NFC,NFC North,L,30.0,37.0,False,24.0,35.0,68.6,256.0,3.0,7.3,6.46,94.5,4.0,16.0,27.0,122.0,1.0,4.5,66.0,378.0,5.73,1.0,1.0,2.0,1.0,1.0,35.0,15.0,6.0,1.0,22.0,8.0,14.0,1.0,2.0,0.0,0.0,1.0,2.0,3.0,33:39,22.0,32.0,68.8,305.0,3.0,9.5,11.41,130.3,1.0,8.0,26.0,99.0,1.0,3.8,59.0,404.0,6.85,3.0,3.0,4.0,4.0,2.0,97.0,12.0,7.0,0.0,19.0,4.0,11.0,2.0,3.0,2.0,15.0,0.0,0.0,0.0,26:21
2022,gnb,1.0,1.0,2022-09-11,Sun,Home,MIN,NFC,NFC North,L,7.0,23.0,False,26.0,39.0,66.7,227.0,0.0,5.8,4.67,71.2,4.0,33.0,18.0,111.0,1.0,6.2,61.0,338.0,5.54,0.0,0.0,1.0,1.0,4.0,179.0,13.0,8.0,0.0,21.0,3.0,9.0,0.0,2.0,2.0,10.0,1.0,1.0,2.0,28:37,23.0,32.0,71.9,269.0,2.0,8.4,9.66,117.8,1.0,8.0,28.0,126.0,0.0,4.5,61.0,395.0,6.48,3.0,3.0,2.0,2.0,5.0,232.0,12.0,7.0,0.0,19.0,4.0,13.0,1.0,1.0,3.0,20.0,0.0,0.0,0.0,31:23
2022,gnb,2.0,2.0,2022-09-18,Sun,Home,CHI,NFC,NFC North,W,27.0,10.0,False,19.0,25.0,76.0,211.0,2.0,8.4,10.04,127.2,3.0,23.0,38.0,203.0,1.0,5.3,66.0,414.0,6.27,2.0,2.0,3.0,3.0,2.0,122.0,10.0,13.0,3.0,26.0,5.0,9.0,0.0,0.0,3.0,25.0,1.0,0.0,1.0,37:15,7.0,11.0,63.6,48.0,0.0,4.4,0.27,35.4,3.0,22.0,27.0,180.0,1.0,6.7,41.0,228.0,5.56,1.0,1.0,1.0,1.0,4.0,198.0,2.0,9.0,0.0,11.0,1.0,7.0,0.0,1.0,7.0,50.0,0.0,1.0,1.0,22:45
2022,gnb,3.0,3.0,2022-09-25,Sun,Home,TAM,NFC,NFC South,W,14.0,12.0,False,27.0,35.0,77.1,248.0,2.0,7.1,6.94,103.0,1.0,7.0,25.0,67.0,0.0,2.7,61.0,315.0,5.16,0.0,0.0,2.0,2.0,7.0,339.0,11.0,3.0,0.0,14.0,6.0,15.0,0.0,0.0,8.0,65.0,1.0,1.0,2.0,33:25,31.0,42.0,73.8,251.0,1.0,6.0,6.45,96.4,3.0,20.0,14.0,34.0,0.0,2.4,59.0,285.0,4.83,2.0,2.0,0.0,0.0,6.0,297.0,15.0,1.0,3.0,19.0,2.0,11.0,1.0,1.0,6.0,40.0,2.0,0.0,2.0,26:35
2022,gnb,4.0,4.0,2022-10-02,Sun,Home,NWE,AFC,AFC East,W,27.0,24.0,True,21.0,35.0,60.0,244.0,2.0,7.0,6.83,88.3,1.0,7.0,35.0,199.0,1.0,5.7,71.0,443.0,6.24,2.0,2.0,3.0,3.0,5.0,210.0,12.0,10.0,2.0,24.0,6.0,14.0,1.0,1.0,4.0,40.0,1.0,1.0,2.0,36:49,15.0,21.0,71.4,104.0,1.0,5.0,5.9,98.1,4.0,32.0,33.0,167.0,1.0,5.1,58.0,271.0,4.67,1.0,1.0,3.0,3.0,7.0,314.0,6.0,10.0,1.0,17.0,3.0,11.0,0.0,0.0,7.0,75.0,1.0,0.0,1.0,33:11
2022,gnb,5.0,5.0,2022-10-09,Sun,Home,NYG,NFC,NFC East,L,22.0,27.0,False,25.0,39.0,64.1,207.0,2.0,5.3,6.33,94.7,2.0,15.0,20.0,94.0,0.0,4.7,61.0,301.0,4.93,2.0,2.0,2.0,2.0,3.0,124.0,15.0,5.0,2.0,22.0,4.0,10.0,0.0,1.0,7.0,37.0,0.0,0.0,0.0,27:49,21.0,27.0,77.8,213.0,0.0,7.9,7.89,99.5,1.0,4.0,31.0,125.0,3.0,4.0,59.0,338.0,5.73,2.0,2.0,3.0,3.0,2.0,100.0,12.0,8.0,4.0,24.0,6.0,11.0,0.0,1.0,6.0,63.0,0.0,0.0,0.0,32:11
2022,gnb,6.0,6.0,2022-10-16,Sun,Home,NYJ,AFC,AFC East,L,10.0,27.0,False,28.0,45.0,62.2,218.0,1.0,4.8,5.29,81.5,4.0,36.0,20.0,60.0,0.0,3.0,69.0,278.0,4.03,2.0,1.0,1.0,1.0,6.0,244.0,9.0,3.0,3.0,15.0,4.0,16.0,1.0,4.0,7.0,42.0,1.0,0.0,1.0,31:12,10.0,18.0,55.6,99.0,0.0,5.5,5.5,71.3,2.0,11.0,33.0,179.0,2.0,5.4,53.0,278.0,5.25,3.0,2.0,3.0,3.0,6.0,268.0,4.0,9.0,1.0,14.0,1.0,11.0,0.0,0.0,7.0,79.0,0.0,0.0,0.0,28:48
2022,gnb,7.0,7.0,2022-10-23,Sun,Home,WAS,NFC,NFC East,L,21.0,23.0,False,23.0,35.0,65.7,194.0,2.0,5.5,6.69,99.0,0.0,0.0,12.0,38.0,0.0,3.2,47.0,232.0,4.94,0.0,0.0,3.0,3.0,5.0,208.0,10.0,2.0,4.0,16.0,0.0,6.0,0.0,1.0,9.0,69.0,1.0,0.0,1.0,22:53,20.0,33.0,60.6,198.0,2.0,6.0,5.85,85.2,1.0,3.0,38.0,166.0,0.0,4.4,72.0,364.0,5.06,4.0,3.0,2.0,2.0,4.0,192.0,11.0,8.0,3.0,22.0,7.0,16.0,0.0,0.0,7.0,54.0,0.0,1.0,1.0,37:07
2022,gnb,8.0,8.0,2022-10-30,Sun,Home,BUF,AFC,AFC East,L,17.0,27.0,False,19.0,30.0,63.3,190.0,2.0,6.3,6.17,89.6,2.0,13.0,31.0,208.0,0.0,6.7,63.0,398.0,6.32,2.0,1.0,2.0,2.0,2.0,89.0,8.0,12.0,1.0,21.0,6.0,12.0,0.0,2.0,8.0,58.0,0.0,1.0,1.0,33:48,13.0,25.0,52.0,216.0,2.0,8.6,6.64,74.7,2.0,2.0,27.0,153.0,1.0,5.7,54.0,369.0,6.83,2.0,2.0,3.0,3.0,2.0,73.0,8.0,9.0,3.0,20.0,2.0,7.0,0.0,0.0,4.0,35.0,0.0,2.0,2.0,26:12
2022,gnb,9.0,9.0,2022-11-06,Sun,Home,DET,NFC,NFC North,L,9.0,15.0,False,23.0,43.0,53.5,283.0,1.0,6.6,3.91,52.8,1.0,8.0,25.0,106.0,0.0,4.2,69.0,389.0,5.64,1.0,1.0,0.0,0.0,1.0,31.0,11.0,6.0,2.0,19.0,8.0,15.0,1.0,4.0,8.0,81.0,0.0,3.0,3.0,34:42,14.0,26.0,53.8,137.0,2.0,5.3,5.08,78.5,0.0,0.0,31.0,117.0,0.0,3.8,57.0,254.0,4.46,0.0,0.0,1.0,1.0,3.0,136.0,10.0,5.0,4.0,19.0,6.0,11.0,0.0,2.0,7.0,62.0,0.0,1.0,1.0,25:18
2022,gnb,10.0,10.0,2022-11-13,Sun,Home,DAL,NFC,NFC East,W,31.0,28.0,True,14.0,20.0,70.0,208.0,3.0,10.4,13.4,143.3,2.0,16.0,39.0,207.0,1.0,5.3,61.0,415.0,6.8,2.0,1.0,4.0,4.0,4.0,160.0,8.0,9.0,3.0,20.0,6.0,13.0,1.0,1.0,6.0,40.0,2.0,0.0,2.0,35:55,27.0,46.0,58.7,262.0,3.0,5.7,5.04,78.4,2.0,3.0,31.0,159.0,1.0,5.1,79.0,421.0,5.33,0.0,0.0,4.0,4.0,5.0,246.0,13.0,10.0,1.0,24.0,5.0,15.0,2.0,3.0,9.0,83.0,0.0,2.0,2.0,30:59
2022,gnb,11.0,11.0,2022-11-17,Thu,Home,TEN,AFC,AFC South,L,17.0,27.0,False,24.0,39.0,61.5,215.0,2.0,5.5,6.54,93.4,1.0,12.0,19.0,56.0,0.0,2.9,59.0,271.0,4.59,1.0,1.0,1.0,0.0,4.0,189.0,11.0,4.0,0.0,15.0,7.0,14.0,0.0,2.0,5.0,40.0,0.0,0.0,0.0,27:32,24.0,29.0,82.8,320.0,3.0,11.0,11.55,132.8,3.0,17.0,32.0,88.0,1.0,2.8,64.0,408.0,6.38,0.0,0.0,4.0,3.0,3.0,152.0,15.0,5.0,1.0,21.0,7.0,13.0,1.0,2.0,2.0,19.0,0.0,1.0,1.0,32:28
2022,gnb,12.0,12.0,2022-11-27,Sun,Home,PHI,NFC,NFC East,L,33.0,40.0,False,17.0,25.0,68.0,236.0,3.0,9.4,8.24,104.3,3.0,17.0,21.0,106.0,1.0,5.0,49.0,342.0,6.98,2.0,2.0,4.0,3.0,2.0,83.0,12.0,5.0,2.0,19.0,1.0,7.0,1.0,1.0,4.0,35.0,0.0,2.0,2.0,24:26,16.0,28.0,57.1,137.0,2.0,4.9,6.32,93.9,2.0,16.0,49.0,363.0,3.0,7.4,79.0,500.0,6.33,2.0,2.0,5.0,4.0,1.0,52.0,6.0,21.0,2.0,29.0,8.0,15.0,2.0,3.0,3.0,25.0,1.0,0.0,1.0,35:34
2022,gnb,13.0,13.0,2022-12-04,Sun,Home,CHI,NFC,NFC North,W,28.0,19.0,False,18.0,31.0,58.1,182.0,1.0,5.9,6.52,85.7,0.0,0.0,32.0,175.0,2.0,5.5,63.0,357.0,5.67,2.0,2.0,2.0,2.0,3.0,134.0,11.0,8.0,2.0,21.0,6.0,13.0,1.0,2.0,2.0,20.0,0.0,0.0,0.0,32:28,20.0,25.0,80.0,254.0,0.0,10.2,6.56,75.7,0.0,0.0,25.0,155.0,2.0,6.2,50.0,409.0,8.18,3.0,2.0,2.0,1.0,1.0,39.0,8.0,7.0,0.0,15.0,6.0,11.0,0.0,0.0,5.0,63.0,1.0,2.0,3.0,27:32
2022,gnb,14.0,15.0,2022-12-19,Mon,Home,LAR,NFC,NFC West,W,24.0,12.0,False,22.0,30.0,73.3,207.0,1.0,6.9,6.07,89.2,3.0,22.0,35.0,138.0,2.0,3.9,68.0,345.0,5.07,1.0,1.0,3.0,3.0,1.0,37.0,15.0,9.0,3.0,27.0,4.0,9.0,2.0,2.0,4.0,80.0,1.0,1.0,2.0,37:19,12.0,21.0,57.1,84.0,1.0,4.0,2.81,62.4,5.0,27.0,17.0,72.0,0.0,4.2,43.0,156.0,3.63,2.0,2.0,1.0,0.0,4.0,151.0,6.0,4.0,3.0,13.0,4.0,11.0,0.0,0.0,8.0,76.0,0.0,1.0,1.0,22:41
2022,gnb,15.0,16.0,2022-12-25,Sun,Home,MIA,AFC,AFC East,W,26.0,20.0,False,24.0,38.0,63.2,222.0,1.0,5.8,5.18,76.9,2.0,16.0,25.0,79.0,1.0,3.2,65.0,301.0,4.63,4.0,4.0,2.0,2.0,1.0,46.0,11.0,4.0,2.0,17.0,2.0,14.0,3.0,5.0,5.0,40.0,0.0,1.0,1.0,32:00,16.0,25.0,64.0,294.0,1.0,11.8,7.16,78.2,2.0,16.0,18.0,82.0,1.0,4.6,45.0,376.0,8.36,3.0,2.0,2.0,2.0,1.0,46.0,10.0,5.0,0.0,15.0,2.0,7.0,1.0,1.0,8.0,62.0,1.0,3.0,4.0,28:00
2022,gnb,16.0,17.0,2023-01-01,Sun,Home,MIN,NFC,NFC North,W,41.0,17.0,False,17.0,27.0,63.0,152.0,1.0,5.6,6.37,90.4,1.0,16.0,33.0,163.0,2.0,4.9,61.0,315.0,5.16,2.0,2.0,5.0,5.0,3.0,81.0,10.0,9.0,1.0,20.0,7.0,12.0,0.0,1.0,3.0,30.0,0.0,0.0,0.0,34:04,22.0,35.0,62.9,244.0,2.0,7.0,4.26,66.8,2.0,18.0,20.0,102.0,0.0,5.1,57.0,346.0,6.07,3.0,1.0,2.0,2.0,2.0,95.0,13.0,4.0,1.0,18.0,5.0,12.0,1.0,2.0,6.0,35.0,1.0,3.0,4.0,25:56
2022,gnb,17.0,18.0,2023-01-08,Sun,Home,DET,NFC,NFC North,L,16.0,20.0,False,17.0,27.0,63.0,188.0,1.0,7.0,6.04,80.5,2.0,17.0,28.0,103.0,0.0,3.7,57.0,291.0,5.11,4.0,3.0,1.0,1.0,1.0,37.0,9.0,6.0,2.0,17.0,4.0,12.0,1.0,2.0,4.0,35.0,1.0,1.0,2.0,32:15,23.0,34.0,67.6,219.0,0.0,6.4,6.44,85.3,1.0,5.0,25.0,104.0,2.0,4.2,60.0,323.0,5.38,3.0,2.0,2.0,2.0,4.0,188.0,12.0,7.0,2.0,21.0,4.0,12.0,2.0,2.0,5.0,75.0,0.0,0.0,0.0,27:45
2023,gnb,1.0,1.0,2023-09-10,Sun,Home,CHI,NFC,NFC North,W,38.0,20.0,False,15.0,27.0,55.6,237.0,3.0,8.8,11.0,122.0,1.0,8.0,32.0,92.0,1.0,2.9,60.0,329.0,5.48,1.0,1.0,5.0,5.0,5.0,249.0,10.0,5.0,0.0,15.0,9.0,16.0,1.0,2.0,9.0,90.0,0.0,0.0,0.0,29:17,24.0,37.0,64.9,189.0,1.0,5.1,4.43,75.2,4.0,27.0,29.0,122.0,1.0,4.2,70.0,311.0,4.44,2.0,2.0,0.0,0.0,4.0,212.0,12.0,8.0,2.0,22.0,3.0,13.0,1.0,2.0,7.0,61.0,1.0,1.0,2.0,30:43
2023,gnb,2.0,2.0,2023-09-17,Sun,Home,ATL,NFC,NFC South,L,24.0,25.0,False,14.0,25.0,56.0,140.0,3.0,5.6,8.0,111.7,1.0,11.0,21.0,84.0,0.0,4.0,47.0,224.0,4.77,1.0,1.0,3.0,3.0,4.0,199.0,10.0,4.0,3.0,17.0,3.0,9.0,0.0,1.0,7.0,40.0,0.0,0.0,0.0,23:45,19.0,32.0,59.4,235.0,1.0,7.3,6.56,79.6,1.0,2.0,45.0,211.0,1.0,4.7,78.0,446.0,5.72,4.0,4.0,2.0,1.0,1.0,45.0,10.0,15.0,2.0,27.0,6.0,15.0,3.0,4.0,6.0,110.0,0.0,1.0,1.0,36:15
2023,gnb,3.0,3.0,2023-09-24,Sun,Home,NOR,NFC,NFC South,W,18.0,17.0,False,22.0,44.0,50.0,245.0,1.0,5.6,5.0,65.1,1.0,14.0,26.0,95.0,1.0,3.7,71.0,340.0,4.79,1.0,1.0,1.0,1.0,4.0,153.0,13.0,5.0,3.0,21.0,8.0,18.0,1.0,3.0,11.0,90.0,0.0,1.0,1.0,32:35,23.0,34.0,67.6,175.0,1.0,5.1,5.74,89.7,4.0,29.0,22.0,77.0,0.0,3.5,60.0,252.0,4.2,2.0,1.0,2.0,2.0,7.0,293.0,9.0,5.0,1.0,15.0,4.0,14.0,1.0,1.0,7.0,102.0,0.0,0.0,0.0,27:25
2023,gnb,4.0,4.0,2023-09-28,Thu,Home,DET,NFC,NFC North,L,20.0,34.0,False,23.0,36.0,63.9,203.0,1.0,5.6,3.69,64.9,5.0,43.0,12.0,27.0,1.0,2.3,53.0,230.0,4.34,2.0,2.0,0.0,0.0,5.0,259.0,9.0,2.0,4.0,15.0,3.0,11.0,1.0,1.0,4.0,31.0,0.0,2.0,2.0,22:02,19.0,28.0,67.9,190.0,1.0,6.8,5.89,83.9,2.0,20.0,43.0,211.0,3.0,4.9,73.0,401.0,5.49,2.0,2.0,4.0,4.0,4.0,180.0,11.0,13.0,1.0,25.0,7.0,17.0,2.0,2.0,8.0,70.0,0.0,1.0,1.0,37:58
2023,gnb,5.0,5.0,2023-10-09,Mon,Home,LVR,AFC,AFC West,L,13.0,17.0,False,16.0,30.0,53.3,175.0,0.0,5.8,1.33,31.2,2.0,7.0,25.0,110.0,1.0,4.4,57.0,285.0,5.0,2.0,2.0,1.0,1.0,4.0,184.0,7.0,9.0,2.0,18.0,4.0,12.0,1.0,1.0,3.0,18.0,0.0,3.0,3.0,27:26,22.0,31.0,71.0,183.0,1.0,5.9,5.1,83.1,4.0,25.0,29.0,96.0,1.0,3.3,64.0,279.0,4.36,3.0,1.0,2.0,2.0,4.0,189.0,13.0,6.0,0.0,19.0,5.0,13.0,1.0,1.0,4.0,28.0,0.0,1.0,1.0,32:34
2023,gnb,6.0,7.0,2023-10-22,Sun,Home,DEN,AFC,AFC West,L,17.0,19.0,False,22.0,32.0,68.8,194.0,2.0,6.1,5.91,92.4,0.0,0.0,29.0,137.0,0.0,4.7,61.0,331.0,5.43,2.0,1.0,2.0,2.0,3.0,155.0,13.0,5.0,2.0,20.0,6.0,14.0,2.0,2.0,7.0,56.0,0.0,1.0,1.0,31:37,20.0,29.0,69.0,194.0,1.0,6.7,7.38,98.9,1.0,0.0,25.0,145.0,0.0,5.8,55.0,339.0,6.16,4.0,4.0,1.0,1.0,3.0,132.0,9.0,6.0,3.0,18.0,5.0,12.0,0.0,1.0,8.0,60.0,0.0,0.0,0.0,28:23
2023,gnb,7.0,8.0,2023-10-29,Sun,Home,MIN,NFC,NFC North,L,10.0,24.0,False,24.0,41.0,58.5,196.0,1.0,4.8,4.17,68.7,4.0,33.0,17.0,74.0,0.0,4.4,62.0,270.0,4.35,1.0,1.0,1.0,1.0,4.0,207.0,14.0,1.0,1.0,16.0,5.0,14.0,1.0,4.0,11.0,99.0,0.0,1.0,1.0,23:38,26.0,35.0,74.3,284.0,2.0,8.1,9.26,116.8,3.0,13.0,31.0,62.0,1.0,2.0,69.0,346.0,5.01,3.0,1.0,3.0,3.0,2.0,87.0,14.0,6.0,4.0,24.0,10.0,18.0,1.0,1.0,7.0,35.0,1.0,0.0,1.0,36:22
2023,gnb,8.0,9.0,2023-11-05,Sun,Home,LAR,NFC,NFC West,W,20.0,3.0,False,20.0,26.0,76.9,207.0,1.0,8.0,8.73,112.2,4.0,21.0,38.0,184.0,1.0,4.8,68.0,391.0,5.75,3.0,2.0,2.0,2.0,4.0,174.0,10.0,10.0,1.0,21.0,7.0,14.0,1.0,1.0,8.0,57.0,2.0,0.0,2.0,35:16,13.0,28.0,46.4,119.0,0.0,4.3,2.64,43.6,1.0,11.0,26.0,68.0,0.0,2.6,55.0,187.0,3.4,2.0,1.0,0.0,0.0,5.0,224.0,6.0,3.0,1.0,10.0,5.0,14.0,0.0,2.0,5.0,36.0,1.0,1.0,2.0,24:44
2023,gnb,9.0,10.0,2023-11-12,Sun,Home,PIT,AFC,AFC North,L,19.0,23.0,False,21.0,40.0,52.5,283.0,2.0,7.1,5.83,71.1,1.0,6.0,24.0,116.0,0.0,4.8,65.0,399.0,6.14,2.0,2.0,2.0,1.0,4.0,179.0,13.0,3.0,1.0,17.0,8.0,16.0,2.0,2.0,5.0,32.0,0.0,2.0,2.0,29:27,14.0,23.0,60.9,119.0,0.0,5.2,5.17,74.4,1.0,7.0,36.0,205.0,2.0,5.7,60.0,324.0,5.4,3.0,3.0,2.0,2.0,5.0,224.0,6.0,12.0,3.0,21.0,4.0,13.0,1.0,1.0,3.0,27.0,0.0,0.0,0.0,30:33
2023,gnb,10.0,11.0,2023-11-19,Sun,Home,LAC,AFC,AFC West,W,23.0,20.0,False,27.0,40.0,67.5,295.0,2.0,7.4,8.38,105.7,3.0,27.0,28.0,102.0,1.0,3.6,71.0,397.0,5.59,2.0,1.0,3.0,2.0,4.0,193.0,16.0,5.0,2.0,23.0,7.0,14.0,0.0,1.0,7.0,46.0,0.0,0.0,0.0,31:58,21.0,36.0,58.3,244.0,2.0,6.8,7.89,97.5,2.0,16.0,24.0,150.0,0.0,6.3,62.0,394.0,6.35,2.0,2.0,2.0,2.0,3.0,143.0,11.0,5.0,1.0,17.0,7.0,14.0,0.0,2.0,4.0,54.0,1.0,0.0,1.0,28:02
2023,gnb,11.0,12.0,2023-11-23,Thu,Home,DET,NFC,NFC North,W,29.0,22.0,False,22.0,32.0,68.8,268.0,3.0,8.4,10.25,125.5,0.0,0.0,22.0,109.0,0.0,5.0,54.0,377.0,6.98,2.0,1.0,3.0,2.0,4.0,152.0,13.0,4.0,0.0,17.0,5.0,11.0,0.0,1.0,7.0,60.0,0.0,0.0,0.0,28:04,29.0,44.0,65.9,324.0,2.0,7.4,8.27,102.8,3.0,8.0,31.0,140.0,1.0,4.5,78.0,464.0,5.95,0.0,0.0,1.0,0.0,2.0,83.0,17.0,6.0,2.0,25.0,7.0,15.0,1.0,5.0,7.0,51.0,3.0,0.0,3.0,31:56
2023,gnb,12.0,13.0,2023-12-03,Sun,Home,KAN,AFC,AFC West,W,27.0,19.0,False,25.0,36.0,69.4,253.0,3.0,7.0,8.69,117.0,2.0,14.0,25.0,129.0,0.0,5.2,63.0,382.0,6.06,2.0,2.0,3.0,3.0,2.0,76.0,15.0,9.0,0.0,24.0,5.0,10.0,1.0,1.0,7.0,63.0,0.0,0.0,0.0,30:32,21.0,33.0,63.6,189.0,1.0,5.7,4.97,76.5,3.0,21.0,25.0,148.0,1.0,5.9,61.0,337.0,5.52,2.0,2.0,1.0,1.0,1.0,57.0,13.0,10.0,2.0,25.0,7.0,11.0,0.0,1.0,5.0,50.0,0.0,1.0,1.0,29:28
2023,gnb,13.0,14.0,2023-12-11,Mon,Home,NYG,NFC,NFC East,L,22.0,24.0,False,25.0,39.0,64.1,203.0,1.0,5.2,4.56,75.1,2.0,15.0,25.0,123.0,1.0,4.9,66.0,326.0,4.94,4.0,3.0,1.0,1.0,3.0,119.0,12.0,6.0,1.0,19.0,5.0,14.0,1.0,1.0,4.0,39.0,2.0,1.0,3.0,31:06,17.0,21.0,81.0,158.0,1.0,7.5,8.48,113.9,0.0,0.0,34.0,209.0,2.0,6.1,55.0,367.0,6.67,2.0,1.0,3.0,3.0,4.0,164.0,8.0,9.0,1.0,18.0,3.0,10.0,0.0,1.0,5.0,47.0,2.0,0.0,2.0,28:54
2023,gnb,14.0,15.0,2023-12-17,Sun,Home,TAM,NFC,NFC South,L,20.0,34.0,False,29.0,39.0,74.4,261.0,2.0,6.7,7.72,109.0,2.0,23.0,17.0,60.0,0.0,3.5,58.0,321.0,5.53,2.0,2.0,2.0,2.0,2.0,94.0,13.0,4.0,1.0,18.0,6.0,12.0,0.0,2.0,4.0,31.0,1.0,0.0,1.0,30:53,22.0,28.0,78.6,353.0,4.0,12.6,15.46,158.3,5.0,28.0,27.0,99.0,0.0,3.7,60.0,452.0,7.53,2.0,2.0,4.0,4.0,1.0,65.0,18.0,3.0,1.0,22.0,7.0,11.0,1.0,1.0,4.0,52.0,1.0,0.0,1.0,29:07
2023,gnb,15.0,16.0,2023-12-24,Sun,Home,CAR,NFC,NFC South,W,33.0,30.0,False,17.0,28.0,60.7,207.0,2.0,7.4,8.82,107.3,1.0,12.0,34.0,162.0,2.0,4.8,63.0,369.0,5.86,2.0,2.0,4.0,3.0,3.0,142.0,12.0,10.0,3.0,25.0,8.0,14.0,0.0,0.0,6.0,67.0,0.0,0.0,0.0,28:39,23.0,36.0,63.9,298.0,2.0,8.3,9.39,108.3,2.0,14.0,25.0,96.0,2.0,3.8,63.0,394.0,6.25,1.0,1.0,3.0,1.0,3.0,151.0,14.0,8.0,4.0,26.0,6.0,13.0,1.0,2.0,8.0,87.0,0.0,0.0,0.0,31:21
2023,gnb,16.0,17.0,2023-12-31,Sun,Home,MIN,NFC,NFC North,W,33.0,10.0,False,25.0,34.0,73.5,293.0,3.0,8.6,10.38,128.7,0.0,0.0,39.0,177.0,1.0,4.5,73.0,470.0,6.44,2.0,2.0,4.0,3.0,2.0,99.0,17.0,9.0,2.0,28.0,9.0,14.0,0.0,1.0,4.0,32.0,1.0,0.0,1.0,37:32,18.0,32.0,56.3,144.0,1.0,4.5,3.72,65.1,4.0,36.0,16.0,67.0,0.0,4.2,52.0,211.0,4.06,1.0,1.0,1.0,1.0,4.0,218.0,10.0,1.0,2.0,13.0,3.0,10.0,0.0,2.0,6.0,27.0,1.0,1.0,2.0,22:28
2023,gnb,17.0,18.0,2024-01-07,Sun,Home,CHI,NFC,NFC North,W,17.0,9.0,False,27.0,32.0,84.4,308.0,2.0,9.6,10.88,127.6,1.0,8.0,27.0,124.0,0.0,4.6,60.0,432.0,7.2,2.0,1.0,2.0,2.0,0.0,0.0,14.0,10.0,0.0,24.0,7.0,10.0,0.0,0.0,1.0,5.0,1.0,0.0,1.0,31:24,11.0,16.0,68.8,117.0,0.0,7.3,7.31,89.8,5.0,31.0,25.0,75.0,0.0,3.0,46.0,192.0,4.17,3.0,3.0,0.0,0.0,3.0,137.0,8.0,4.0,1.0,13.0,3.0,11.0,1.0,1.0,1.0,10.0,0.0,0.0,0.0,28:36
2024,gnb,1.0,1.0,2024-09-06,Fri,Home,PHI,NFC,NFC East,L,29.0,34.0,False,17.0,35.0,48.6,251.0,2.0,7.2,7.03,79.6,2.0,9.0,21.0,163.0,1.0,7.8,58.0,414.0,7.14,4.0,3.0,2.0,2.0,2.0,74.0,9.0,7.0,3.0,19.0,3.0,11.0,1.0,1.0,10.0,71.0,0.0,1.0,1.0,27:13,20.0,34.0,58.8,266.0,2.0,7.8,6.35,78.8,2.0,12.0,38.0,144.0,2.0,3.8,74.0,410.0,5.54,2.0,2.0,4.0,4.0,2.0,101.0,14.0,8.0,3.0,25.0,4.0,14.0,1.0,1.0,7.0,57.0,1.0,2.0,3.0,32:47
2024,gnb,2.0,2.0,2024-09-15,Sun,Home,IND,AFC,AFC South,W,16.0,10.0,False,12.0,14.0,85.7,122.0,1.0,8.7,10.14,126.8,0.0,0.0,53.0,261.0,0.0,4.9,67.0,383.0,5.72,4.0,3.0,1.0,1.0,3.0,139.0,6.0,13.0,0.0,19.0,10.0,17.0,0.0,0.0,6.0,50.0,1.0,0.0,1.0,40:11,17.0,34.0,50.0,198.0,1.0,5.8,2.44,41.1,1.0,6.0,18.0,140.0,0.0,7.8,53.0,338.0,6.38,2.0,1.0,1.0,1.0,3.0,161.0,10.0,8.0,1.0,19.0,2.0,9.0,1.0,2.0,3.0,20.0,0.0,3.0,3.0,19:49
2024,gnb,3.0,3.0,2024-09-22,Sun,Home,TEN,AFC,AFC South,W,30.0,14.0,False,13.0,19.0,68.4,190.0,1.0,10.0,11.05,118.3,3.0,12.0,37.0,188.0,1.0,5.1,59.0,378.0,6.41,3.0,3.0,3.0,3.0,5.0,244.0,6.0,9.0,1.0,16.0,5.0,14.0,0.0,0.0,10.0,75.0,0.0,0.0,0.0,32:28,26.0,34.0,76.5,204.0,2.0,6.0,4.53,85.9,8.0,56.0,11.0,33.0,0.0,3.0,53.0,237.0,4.47,0.0,0.0,2.0,2.0,4.0,187.0,14.0,3.0,1.0,18.0,3.0,9.0,0.0,1.0,2.0,15.0,1.0,2.0,3.0,27:32
2024,gnb,4.0,4.0,2024-09-29,Sun,Home,MIN,NFC,NFC North,L,29.0,31.0,False,32.0,54.0,59.3,379.0,4.0,7.0,6.0,82.3,1.0,10.0,19.0,86.0,0.0,4.5,74.0,465.0,6.28,2.0,0.0,3.0,3.0,3.0,180.0,19.0,3.0,2.0,24.0,4.0,12.0,0.0,2.0,8.0,68.0,1.0,3.0,4.0,27:45,20.0,28.0,71.4,254.0,3.0,9.1,9.61,120.2,2.0,21.0,34.0,120.0,1.0,3.5,64.0,374.0,5.84,1.0,1.0,4.0,4.0,5.0,225.0,11.0,8.0,3.0,22.0,4.0,11.0,0.0,1.0,7.0,55.0,2.0,1.0,3.0,32:15
2024,gnb,5.0,5.0,2024-10-06,Sun,Home,LAR,NFC,NFC West,W,24.0,19.0,False,15.0,26.0,57.7,202.0,2.0,7.8,7.58,92.1,2.0,22.0,30.0,126.0,1.0,4.2,58.0,328.0,5.66,1.0,1.0,3.0,3.0,5.0,186.0,8.0,9.0,2.0,19.0,1.0,8.0,0.0,0.0,7.0,39.0,0.0,1.0,1.0,27:19,29.0,45.0,64.4,236.0,1.0,5.2,4.69,75.8,3.0,24.0,28.0,134.0,1.0,4.8,76.0,370.0,4.87,0.0,0.0,2.0,1.0,3.0,129.0,11.0,12.0,1.0,24.0,8.0,16.0,2.0,4.0,5.0,30.0,1.0,1.0,2.0,32:41
2024,gnb,6.0,6.0,2024-10-13,Sun,Home,ARI,NFC,NFC West,W,34.0,13.0,False,22.0,32.0,68.8,258.0,4.0,8.1,9.16,119.5,0.0,0.0,38.0,179.0,0.0,4.7,70.0,437.0,6.24,3.0,2.0,4.0,4.0,1.0,46.0,15.0,9.0,3.0,27.0,7.0,12.0,1.0,1.0,5.0,40.0,0.0,1.0,1.0,36:35,22.0,32.0,68.8,214.0,1.0,6.7,7.31,97.7,0.0,0.0,23.0,89.0,0.0,3.9,55.0,303.0,5.51,2.0,2.0,1.0,1.0,4.0,211.0,8.0,5.0,3.0,16.0,4.0,10.0,0.0,0.0,13.0,100.0,3.0,0.0,3.0,23:25
2024,gnb,7.0,7.0,2024-10-20,Sun,Home,HOU,AFC,AFC South,W,24.0,22.0,False,24.0,33.0,72.7,195.0,3.0,5.9,5.0,92.4,3.0,25.0,20.0,82.0,0.0,4.1,56.0,277.0,4.95,1.0,1.0,3.0,3.0,5.0,284.0,12.0,4.0,2.0,18.0,4.0,10.0,0.0,0.0,8.0,55.0,1.0,2.0,3.0,28:43,10.0,21.0,47.6,55.0,0.0,2.6,2.62,54.3,4.0,31.0,33.0,142.0,2.0,4.3,58.0,197.0,3.4,3.0,3.0,1.0,1.0,6.0,307.0,6.0,9.0,0.0,15.0,4.0,13.0,0.0,0.0,5.0,55.0,0.0,0.0,0.0,31:17
2024,gnb,8.0,8.0,2024-10-27,Sun,Home,JAX,AFC,AFC South,W,30.0,27.0,False,18.0,27.0,66.7,252.0,1.0,9.3,8.41,93.4,1.0,0.0,39.0,170.0,2.0,4.4,67.0,422.0,6.3,3.0,3.0,3.0,3.0,5.0,241.0,11.0,8.0,3.0,22.0,3.0,11.0,0.0,0.0,3.0,20.0,0.0,1.0,1.0,34:09,21.0,32.0,65.6,299.0,2.0,9.3,9.19,103.5,1.0,9.0,23.0,91.0,1.0,4.0,56.0,390.0,6.96,2.0,2.0,3.0,3.0,5.0,298.0,14.0,5.0,0.0,19.0,1.0,9.0,1.0,1.0,8.0,59.0,1.0,1.0,2.0,25:51
2024,gnb,9.0,9.0,2024-11-03,Sun,Home,DET,NFC,NFC North,L,14.0,24.0,False,23.0,39.0,59.0,273.0,0.0,7.0,5.85,69.7,0.0,0.0,23.0,138.0,1.0,6.0,62.0,411.0,6.63,3.0,2.0,0.0,0.0,2.0,84.0,10.0,7.0,3.0,20.0,3.0,12.0,2.0,3.0,10.0,67.0,0.0,1.0,1.0,28:49,18.0,22.0,81.8,137.0,1.0,6.2,7.14,107.8,1.0,8.0,32.0,124.0,1.0,3.9,55.0,261.0,4.75,1.0,1.0,3.0,3.0,4.0,199.0,8.0,8.0,1.0,17.0,4.0,12.0,2.0,2.0,5.0,51.0,0.0,0.0,0.0,31:11
2024,gnb,10.0,11.0,2024-11-17,Sun,Home,CHI,NFC,NFC North,W,20.0,19.0,False,13.0,17.0,76.5,260.0,1.0,15.3,13.82,113.0,1.0,1.0,25.0,106.0,2.0,4.2,43.0,366.0,8.51,0.0,0.0,2.0,2.0,1.0,47.0,10.0,8.0,1.0,19.0,1.0,5.0,0.0,1.0,3.0,25.0,0.0,1.0,1.0,23:39,23.0,31.0,74.2,212.0,0.0,6.8,6.84,92.4,3.0,19.0,34.0,179.0,2.0,5.3,68.0,391.0,5.75,3.0,2.0,1.0,1.0,2.0,83.0,12.0,10.0,1.0,23.0,9.0,16.0,3.0,3.0,7.0,50.0,0.0,0.0,0.0,36:21
2024,gnb,11.0,12.0,2024-11-24,Sun,Home,SFO,NFC,NFC West,W,38.0,10.0,False,13.0,23.0,56.5,156.0,2.0,6.8,8.52,106.4,2.0,7.0,42.0,169.0,3.0,4.0,67.0,325.0,4.85,1.0,1.0,5.0,5.0,4.0,195.0,9.0,12.0,1.0,22.0,6.0,13.0,1.0,2.0,5.0,40.0,0.0,0.0,0.0,36:43,17.0,29.0,58.6,197.0,1.0,6.8,5.93,76.4,2.0,2.0,16.0,44.0,0.0,2.8,47.0,241.0,5.13,1.0,1.0,1.0,1.0,3.0,147.0,8.0,3.0,0.0,11.0,3.0,10.0,0.0,2.0,9.0,77.0,2.0,1.0,3.0,23:17
2024,gnb,12.0,13.0,2024-11-28,Thu,Home,MIA,AFC,AFC East,W,30.0,17.0,False,21.0,28.0,75.0,274.0,2.0,9.8,11.21,129.2,0.0,0.0,25.0,114.0,1.0,4.6,53.0,388.0,7.32,3.0,3.0,3.0,3.0,4.0,172.0,11.0,7.0,1.0,19.0,5.0,11.0,0.0,0.0,7.0,44.0,0.0,0.0,0.0,26:56,37.0,46.0,80.4,336.0,2.0,7.3,8.17,111.6,5.0,29.0,14.0,39.0,0.0,2.8,65.0,375.0,5.77,1.0,1.0,0.0,0.0,3.0,146.0,20.0,1.0,0.0,21.0,4.0,14.0,3.0,5.0,10.0,75.0,1.0,0.0,1.0,33:04
2024,gnb,13.0,14.0,2024-12-05,Thu,Home,DET,NFC,NFC North,L,31.0,34.0,False,12.0,20.0,60.0,199.0,1.0,10.0,10.95,110.2,1.0,7.0,24.0,99.0,3.0,4.1,45.0,298.0,6.62,1.0,1.0,4.0,4.0,3.0,125.0,7.0,7.0,3.0,17.0,1.0,5.0,0.0,0.0,7.0,59.0,1.0,0.0,1.0,23:54,32.0,41.0,78.0,280.0,3.0,6.8,7.2,109.3,1.0,3.0,34.0,111.0,1.0,3.3,76.0,391.0,5.14,2.0,2.0,4.0,4.0,2.0,92.0,18.0,7.0,2.0,27.0,7.0,15.0,4.0,5.0,7.0,56.0,0.0,1.0,1.0,36:06
2024,gnb,14.0,15.0,2024-12-15,Sun,Home,SEA,NFC,NFC West,W,30.0,13.0,False,20.0,27.0,74.1,229.0,2.0,8.5,9.96,123.8,0.0,0.0,34.0,140.0,1.0,4.1,61.0,369.0,6.05,3.0,3.0,3.0,3.0,4.0,170.0,10.0,8.0,3.0,21.0,5.0,12.0,0.0,1.0,5.0,27.0,1.0,0.0,1.0,32:58,20.0,33.0,60.6,128.0,0.0,3.9,1.15,43.5,7.0,45.0,16.0,80.0,1.0,5.0,56.0,208.0,3.71,2.0,2.0,1.0,1.0,6.0,279.0,7.0,5.0,2.0,14.0,4.0,13.0,0.0,0.0,5.0,108.0,0.0,2.0,2.0,27:02
2024,gnb,15.0,16.0,2024-12-23,Mon,Home,NOR,NFC,NFC South,W,34.0,0.0,False,17.0,30.0,56.7,216.0,1.0,7.2,7.87,90.4,0.0,0.0,39.0,188.0,3.0,4.8,69.0,404.0,5.86,2.0,2.0,4.0,4.0,2.0,93.0,10.0,14.0,0.0,24.0,6.0,13.0,3.0,3.0,6.0,60.0,0.0,0.0,0.0,37:13,15.0,30.0,50.0,129.0,0.0,4.3,2.8,47.8,3.0,24.0,20.0,67.0,0.0,3.4,53.0,196.0,3.7,0.0,0.0,0.0,0.0,4.0,159.0,9.0,3.0,2.0,14.0,4.0,11.0,0.0,2.0,7.0,40.0,1.0,1.0,2.0,22:47
2024,gnb,16.0,17.0,2024-12-29,Sun,Home,MIN,NFC,NFC North,L,25.0,27.0,False,19.0,30.0,63.3,167.0,1.0,5.6,6.23,89.2,3.0,18.0,24.0,104.0,2.0,4.3,57.0,271.0,4.75,1.0,1.0,2.0,2.0,4.0,169.0,11.0,4.0,2.0,17.0,8.0,14.0,0.0,1.0,7.0,51.0,1.0,0.0,1.0,24:30,33.0,43.0,76.7,372.0,3.0,8.7,9.0,115.6,1.0,5.0,26.0,69.0,0.0,2.7,70.0,441.0,6.3,4.0,2.0,3.0,3.0,2.0,71.0,20.0,4.0,2.0,26.0,6.0,12.0,0.0,0.0,7.0,47.0,0.0,1.0,1.0,35:30
2024,gnb,17.0,18.0,2025-01-05,Sun,Home,CHI,NFC,NFC North,L,22.0,24.0,False,17.0,25.0,68.0,184.0,0.0,7.4,7.36,89.4,3.0,21.0,33.0,183.0,2.0,5.5,61.0,367.0,6.02,3.0,3.0,1.0,1.0,3.0,133.0,7.0,13.0,0.0,20.0,3.0,10.0,0.0,1.0,5.0,45.0,2.0,0.0,2.0,30:56,21.0,30.0,70.0,141.0,1.0,4.7,3.87,77.2,1.0,7.0,26.0,83.0,1.0,3.2,57.0,224.0,3.93,1.0,1.0,3.0,3.0,6.0,254.0,10.0,5.0,1.0,16.0,7.0,14.0,1.0,1.0,7.0,45.0,1.0,1.0,2.0,29:04
2025,gnb,1.0,1.0,2025-09-07,Sun,Home,DET,NFC,NFC North,W,27.0,13.0,False,16.0,22.0,72.7,188.0,2.0,8.5,10.36,128.6,0.0,0.0,25.0,78.0,1.0,3.1,47.0,266.0,5.66,2.0,2.0,3.0,3.0,3.0,164.0,8.0,4.0,2.0,14.0,4.0,10.0,1.0,1.0,4.0,40.0,0.0,0.0,0.0,24:35,31.0,39.0,79.5,200.0,1.0,5.1,4.49,85.9,4.0,25.0,22.0,46.0,0.0,2.1,65.0,246.0,3.78,2.0,2.0,1.0,1.0,3.0,142.0,13.0,2.0,1.0,16.0,5.0,15.0,3.0,4.0,7.0,40.0,0.0,1.0,1.0,35:25
2025,gnb,2.0,2.0,2025-09-11,Thu,Home,WAS,NFC,NFC East,W,27.0,18.0,False,19.0,31.0,61.3,269.0,2.0,8.7,9.97,110.8,2.0,23.0,30.0,135.0,1.0,4.5,63.0,404.0,6.41,3.0,2.0,3.0,3.0,4.0,213.0,14.0,6.0,2.0,22.0,5.0,12.0,0.0,1.0,10.0,77.0,0.0,0.0,0.0,32:26,24.0,42.0,57.1,179.0,2.0,4.3,5.21,83.3,4.0,21.0,19.0,51.0,0.0,2.7,65.0,230.0,3.54,3.0,1.0,1.0,1.0,4.0,187.0,10.0,3.0,2.0,15.0,5.0,16.0,1.0,3.0,5.0,30.0,0.0,0.0,0.0,27:34
2025,gnb,3.0,3.0,2025-09-21,Sun,Home,CLE,AFC,AFC North,L,10.0,13.0,False,18.0,25.0,72.0,149.0,1.0,6.0,4.96,83.6,5.0,34.0,31.0,81.0,0.0,2.6,61.0,230.0,3.77,2.0,1.0,1.0,1.0,5.0,265.0,8.0,4.0,2.0,14.0,10.0,18.0,0.0,0.0,14.0,75.0,0.0,1.0,1.0,34:14,21.0,36.0,58.3,125.0,0.0,3.5,2.22,53.6,2.0,17.0,19.0,96.0,1.0,5.1,57.0,221.0,3.88,2.0,2.0,1.0,1.0,6.0,291.0,7.0,5.0,3.0,15.0,4.0,13.0,1.0,2.0,8.0,90.0,0.0,1.0,1.0,25:46
2025,gnb,4.0,4.0,2025-09-28,Sun,Home,DAL,NFC,NFC East,L,40.0,40.0,True,31.0,43.0,72.1,325.0,3.0,7.6,8.95,116.9,1.0,12.0,35.0,164.0,2.0,4.7,79.0,489.0,6.19,2.0,2.0,5.0,4.0,2.0,83.0,16.0,11.0,5.0,32.0,10.0,14.0,1.0,1.0,7.0,53.0,1.0,0.0,1.0,35:33,31.0,40.0,77.5,319.0,3.0,8.0,9.48,124.9,1.0,0.0,26.0,117.0,2.0,4.5,67.0,436.0,6.51,1.0,1.0,5.0,5.0,4.0,190.0,17.0,8.0,1.0,26.0,4.0,11.0,1.0,1.0,11.0,95.0,0.0,0.0,0.0,34:27
2025,gnb,5.0,6.0,2025-10-12,Sun,Home,CIN,AFC,AFC North,W,27.0,18.0,False,19.0,26.0,73.1,256.0,1.0,9.8,8.88,100.8,1.0,3.0,33.0,153.0,2.0,4.6,60.0,409.0,6.82,2.0,2.0,3.0,3.0,2.0,91.0,11.0,12.0,1.0,24.0,5.0,11.0,1.0,1.0,5.0,40.0,0.0,1.0,1.0,32:44,29.0,45.0,64.4,213.0,2.0,4.7,5.62,90.3,1.0,6.0,16.0,55.0,0.0,3.4,62.0,268.0,4.32,3.0,1.0,1.0,1.0,4.0,211.0,12.0,5.0,3.0,20.0,6.0,15.0,2.0,2.0,3.0,17.0,0.0,0.0,0.0,27:16
2025,gnb,6.0,7.0,2025-10-19,Sun,Home,ARI,NFC,NFC West,W,27.0,23.0,False,19.0,29.0,65.5,168.0,1.0,5.8,6.48,92.3,1.0,11.0,23.0,94.0,2.0,4.1,53.0,262.0,4.94,2.0,2.0,3.0,3.0,3.0,174.0,10.0,5.0,4.0,19.0,3.0,10.0,2.0,3.0,10.0,94.0,0.0,0.0,0.0,25:50,25.0,36.0,69.4,236.0,2.0,6.6,7.67,105.8,6.0,43.0,28.0,94.0,0.0,3.4,70.0,330.0,4.71,3.0,3.0,2.0,2.0,1.0,42.0,13.0,5.0,5.0,23.0,7.0,14.0,0.0,2.0,6.0,55.0,1.0,0.0,1.0,34:10
2025,gnb,7.0,8.0,2025-10-26,Sun,Home,PIT,AFC,AFC North,W,35.0,25.0,False,29.0,37.0,78.4,360.0,3.0,9.7,11.35,134.2,0.0,0.0,26.0,94.0,1.0,3.6,63.0,454.0,7.21,4.0,2.0,3.0,3.0,3.0,152.0,16.0,5.0,1.0,22.0,5.0,12.0,1.0,1.0,5.0,47.0,0.0,0.0,0.0,31:48,24.0,36.0,66.7,202.0,2.0,5.6,6.72,99.5,3.0,17.0,18.0,93.0,0.0,5.2,57.0,295.0,5.18,4.0,4.0,1.0,1.0,4.0,194.0,10.0,4.0,2.0,16.0,1.0,10.0,1.0,1.0,6.0,65.0,1.0,0.0,1.0,28:12
2025,gnb,8.0,9.0,2025-11-02,Sun,Home,CAR,NFC,NFC South,L,13.0,16.0,False,26.0,37.0,70.3,265.0,0.0,7.2,5.95,79.2,1.0,8.0,25.0,104.0,1.0,4.2,63.0,369.0,5.86,3.0,2.0,1.0,1.0,0.0,0.0,13.0,7.0,0.0,20.0,7.0,13.0,2.0,3.0,7.0,42.0,1.0,1.0,2.0,30:10,11.0,20.0,55.0,102.0,0.0,5.1,2.85,48.3,1.0,0.0,33.0,163.0,2.0,4.9,54.0,265.0,4.91,1.0,1.0,2.0,1.0,3.0,134.0,6.0,11.0,2.0,19.0,4.0,10.0,2.0,2.0,5.0,39.0,0.0,1.0,1.0,29:50
